anchor,domain_i,domain_j,step_each,nonadditivity_loss,bootstrap_sd,bootstrap_low,bootstrap_high,wald_p,bh_q,exploratory_fdr_0_05
training_mean,arxiv,freelaw,0.005,4.897597778224648e-05,2.63525747067746e-05,-3.905467744010795e-06,9.67076388530576e-05,0.06309956329189288,0.18258597037654112,False
training_mean,arxiv,nih_exporter,0.005,3.40626355152051e-05,2.538211577898039e-05,-2.333639754300612e-05,7.601774357951221e-05,0.17959808886981266,0.353386564685491,False
training_mean,arxiv,pubmed_central,0.005,3.689552263872269e-05,2.8755613916915593e-05,-2.506004132627476e-05,8.708572589536085e-05,0.1994668575032038,0.37677073083938495,False
training_mean,arxiv,wikipedia_en,0.005,1.618168028682342e-05,2.5306298214676844e-05,-3.5996465198132984e-05,6.264928556748616e-05,0.5225413356798796,0.6568057770972017,False
training_mean,arxiv,dm_mathematics,0.005,-9.991374988036209e-05,2.2235042668851765e-05,-0.0001489876887859709,-6.019783533667675e-05,7.0053352317568715e-06,0.0001481689385735676,True
training_mean,arxiv,github,0.005,3.428207709401262e-05,2.7129830975657832e-05,-2.270962332501878e-05,8.138976689121986e-05,0.2063627443965278,0.38445661969764083,False
training_mean,arxiv,philpapers,0.005,4.4160568859609975e-05,3.0468369332177045e-05,-2.2733835648923594e-05,9.781662271069875e-05,0.14722852539561834,0.32295289441619507,False
training_mean,arxiv,stackexchange,0.005,-6.612928448152104e-05,2.4833627481229395e-05,-0.00011663347557564655,-1.9689893412804035e-05,0.007747212147842127,0.036331753520914806,True
training_mean,arxiv,enron_emails,0.005,1.9649537762507316e-05,4.538994750742913e-05,-7.324701666706919e-05,0.00010425251156451824,0.6650837468253399,0.7730887997286002,False
training_mean,arxiv,gutenberg_pg_19,0.005,1.901284647156364e-05,2.4354242362924256e-05,-3.404808387286872e-05,5.7748154935638636e-05,0.4349912930986344,0.6227243774885713,False
training_mean,arxiv,pile_cc,0.005,3.67627001296369e-05,2.747398540300206e-05,-1.6969075936114408e-05,8.600095606081814e-05,0.18086668493372704,0.353386564685491,False
training_mean,arxiv,ubuntu_irc,0.005,-7.765399031556077e-05,2.4390208917658152e-05,-0.00012330352428859486,-3.354785254412058e-05,0.0014534628163705929,0.008985042864836392,True
training_mean,arxiv,europarl,0.005,3.775715225802384e-05,2.2757882786883747e-05,-1.0419547097755503e-05,7.524664882806402e-05,0.09709963666732664,0.24916133182559289,False
training_mean,arxiv,hackernews,0.005,2.167555889326991e-05,2.825395905579547e-05,-3.835589218467091e-05,6.878354015420042e-05,0.44298109678132414,0.6275565537735425,False
training_mean,arxiv,pubmed_abstracts,0.005,-4.92281452493208e-06,2.4923220821819684e-05,-5.4348852124773014e-05,4.302930567624983e-05,0.843421261519642,0.8961350903646197,False
training_mean,arxiv,uspto_backgrounds,0.005,3.271817539027952e-05,2.3688171154149807e-05,-1.7283511266615504e-05,7.53053038423326e-05,0.16721652242439644,0.34456737954118055,False
training_mean,freelaw,nih_exporter,0.005,6.684633196013132e-05,2.805701474348158e-05,1.134550614384127e-05,0.00012444658795127144,0.017194709142177522,0.06681372695246122,False
training_mean,freelaw,pubmed_central,0.005,5.4657714353908284e-05,2.5731916114486058e-05,8.391546822570448e-06,0.00011140056245323763,0.033659991299536646,0.1173784311983842,False
training_mean,freelaw,wikipedia_en,0.005,3.849217565501503e-05,2.5682993864548984e-05,-7.372302526022316e-06,8.980806912189348e-05,0.13394063634859896,0.30287845971161237,False
training_mean,freelaw,dm_mathematics,0.005,-8.864812313252567e-05,2.147377525632668e-05,-0.00012806678073795424,-4.373017867936753e-05,3.656078208108904e-05,0.00045202421482073724,True
training_mean,freelaw,github,0.005,5.504875034759296e-05,2.7264166160651314e-05,9.184732437086427e-06,0.00012091617032251375,0.04347807531516064,0.13751205215957785,False
training_mean,freelaw,philpapers,0.005,3.283897559804395e-05,5.4983673211879186e-05,-5.926857884503392e-05,0.00014027553127388606,0.5503407633458928,0.6682709269200127,False
training_mean,freelaw,stackexchange,0.005,-4.35461663307323e-05,2.761591958942355e-05,-8.98944266157465e-05,1.7231416474364718e-05,0.11483001426937138,0.2815278369498477,False
training_mean,freelaw,enron_emails,0.005,6.455197237130676e-05,5.3165787907237735e-05,-3.355566365794587e-05,0.00017671028203292128,0.22468520038240336,0.4020682533158797,False
training_mean,freelaw,gutenberg_pg_19,0.005,3.930530809378395e-05,2.2709106365703235e-05,-1.0902775918730444e-06,8.65235890874085e-05,0.08348440302210208,0.21834382328857466,False
training_mean,freelaw,pile_cc,0.005,5.859769627747043e-05,2.778075422080018e-05,8.279587395141906e-06,0.00011612215363310324,0.03491946674233071,0.1187261869239244,False
training_mean,freelaw,ubuntu_irc,0.005,-7.006317378784025e-05,2.607264602891658e-05,-0.00011931050254035256,-2.0378456481975592e-05,0.007204751217762261,0.03499450591484527,True
training_mean,freelaw,europarl,0.005,5.0138118690927536e-05,2.6736183321297185e-05,-1.7806629143999417e-06,0.0001041862237559575,0.060752727919200694,0.17961676080459335,False
training_mean,freelaw,hackernews,0.005,3.3152713483627184e-05,2.3911868299122522e-05,-8.358869855468508e-06,8.460148765834514e-05,0.16560821468039588,0.34456737954118055,False
training_mean,freelaw,pubmed_abstracts,0.005,1.9283888677923413e-05,2.7925340706752834e-05,-3.2094544312181876e-05,8.156617923529368e-05,0.48984737298881975,0.649757624006161,False
training_mean,freelaw,uspto_backgrounds,0.005,5.207800520876728e-05,2.4892668288488538e-05,1.1689834290986992e-05,0.00010771290323340646,0.03642937757598654,0.12083891098376023,False
training_mean,nih_exporter,pubmed_central,0.005,2.004736419223559e-05,2.760699732711482e-05,-3.3607620017577744e-05,7.322812848034673e-05,0.467734761717573,0.6428584459312372,False
training_mean,nih_exporter,wikipedia_en,0.005,-2.0038648214177315e-05,3.0168752239456343e-05,-8.357342610270345e-05,3.0582817798192744e-05,0.5065503715739097,0.6513900433906222,False
training_mean,nih_exporter,dm_mathematics,0.005,-3.893362465339529e-05,6.427124201642567e-05,-0.0001606854261575923,9.370143995246074e-05,0.5446671383686604,0.6673399172805209,False
training_mean,nih_exporter,github,0.005,2.7298873134560013e-05,2.951452206054112e-05,-4.185150311924212e-05,8.071798584279622e-05,0.3550022102987239,0.5364477844514051,False
training_mean,nih_exporter,philpapers,0.005,0.0005935724538713215,0.0002386437560011636,3.36173451469164e-05,0.0009929333092793947,0.012872614586552658,0.054708611992848794,False
training_mean,nih_exporter,stackexchange,0.005,-7.19989157457315e-05,2.565538275545174e-05,-0.00012366694817379952,-1.7644424182876747e-05,0.005010058360856089,0.027254717483057127,True
training_mean,nih_exporter,enron_emails,0.005,0.000552948633801593,0.00045877980867847296,-0.0004741152338287334,0.0013016066211755301,0.22810321401323486,0.40288359877662255,False
training_mean,nih_exporter,gutenberg_pg_19,0.005,-4.5820395616155665e-05,4.460189231720841e-05,-0.00013813412434376184,3.6170674956014766e-05,0.30427002311377127,0.4985629294394324,False
training_mean,nih_exporter,pile_cc,0.005,2.6449193351587993e-05,2.4159514620487422e-05,-2.3563735630177322e-05,7.097605087031708e-05,0.27361593377586124,0.47103502523439406,False
training_mean,nih_exporter,ubuntu_irc,0.005,-0.00015970488221511098,9.130137019047064e-05,-0.0003384727043812535,2.1276436399659652e-05,0.08025545958789423,0.21829485007907232,False
training_mean,nih_exporter,europarl,0.005,0.00015859652660021626,0.00011975865246834189,-8.630534251068338e-05,0.0003949074863254582,0.1854030337484298,0.35513820548995007,False
training_mean,nih_exporter,hackernews,0.005,1.5821130314528475e-05,0.0001299886693558784,-0.00024267014337126967,0.0002475878411419331,0.903127417631084,0.9391398507351205,False
training_mean,nih_exporter,pubmed_abstracts,0.005,1.171019010966565e-05,3.327339093461807e-05,-5.747139840335831e-05,7.384074149990416e-05,0.724884321716312,0.8147460144910614,False
training_mean,nih_exporter,uspto_backgrounds,0.005,2.4145711190307813e-06,3.1152224581628924e-05,-6.935570747286536e-05,5.962580650570393e-05,0.9382188018164308,0.959381631932591,False
training_mean,pubmed_central,wikipedia_en,0.005,2.2796086955716912e-05,2.546261870101726e-05,-2.8166349189554988e-05,6.894729098903044e-05,0.3706392404673038,0.5427024068443512,False
training_mean,pubmed_central,dm_mathematics,0.005,-9.83222540344579e-05,2.5290364710167526e-05,-0.0001455890070597248,-4.464692796367805e-05,0.00010118371118133099,0.0009173989813774009,True
training_mean,pubmed_central,github,0.005,3.808464087388652e-05,2.713280875461006e-05,-1.18428249196734e-05,9.08246060674507e-05,0.16042667936531507,0.34090669365129456,False
training_mean,pubmed_central,philpapers,0.005,-1.2754936705728454e-05,3.0561166366388074e-05,-7.451260198663079e-05,4.554924483577442e-05,0.6764168234977095,0.7795990508109194,False
training_mean,pubmed_central,stackexchange,0.005,-6.497648258863e-05,2.6836276955902065e-05,-0.00011383938337674808,-6.857750812708131e-06,0.01546858852328406,0.06374933452020097,False
training_mean,pubmed_central,enron_emails,0.005,0.00016733189568748103,3.928193616299431e-05,9.830930817001267e-05,0.0002530958928195391,2.046401074442978e-05,0.00029577282691205687,True
training_mean,pubmed_central,gutenberg_pg_19,0.005,2.7958590612945854e-05,2.5773637843399733e-05,-2.3262431746652195e-05,7.65071458245223e-05,0.27802144749878366,0.4726364607479322,False
training_mean,pubmed_central,pile_cc,0.005,4.387850113655829e-05,2.9420517558864496e-05,-8.535187266455493e-06,0.00010149656742536576,0.13584989737064967,0.30287845971161237,False
training_mean,pubmed_central,ubuntu_irc,0.005,-7.458862558779044e-05,2.3032531758609553e-05,-0.00012045914911435635,-3.41064661511717e-05,0.0012020078403692316,0.008173653314510775,True
training_mean,pubmed_central,europarl,0.005,1.3826067337648422e-05,2.211180817279006e-05,-2.927960843967771e-05,5.623453301588714e-05,0.5317874250176959,0.6574826345673331,False
training_mean,pubmed_central,hackernews,0.005,1.8321867416325155e-05,2.421302752295285e-05,-3.2208232269972475e-05,6.413590487698317e-05,0.44923284479860137,0.6298522360062865,False
training_mean,pubmed_central,pubmed_abstracts,0.005,8.33852230777431e-06,2.319983759381626e-05,-3.2438142585090575e-05,5.727372244250396e-05,0.7192797325476801,0.8147460144910614,False
training_mean,pubmed_central,uspto_backgrounds,0.005,3.686891629920469e-05,2.6192450838871887e-05,-1.3439089980055282e-05,8.847159733365949e-05,0.15924476840363844,0.34090669365129456,False
training_mean,wikipedia_en,dm_mathematics,0.005,-0.00010977785879100187,1.977597502203379e-05,-0.00014905363378972126,-7.34023218184652e-05,2.8392330930710478e-08,9.653392516441564e-07,True
training_mean,wikipedia_en,github,0.005,1.806757646111328e-05,2.5013016299625897e-05,-3.626470900886184e-05,6.579352565214034e-05,0.47009347049701267,0.6428584459312372,False
training_mean,wikipedia_en,philpapers,0.005,2.8993756711544044e-05,3.1248985023794366e-05,-3.230554598868465e-05,8.736985380561518e-05,0.35349557807465004,0.5364477844514051,False
training_mean,wikipedia_en,stackexchange,0.005,-7.368056896073292e-05,2.3734934885193992e-05,-0.00012006960046712901,-2.6581833869794414e-05,0.0019072410867548891,0.01127759946950717,True
training_mean,wikipedia_en,enron_emails,0.005,-2.435531842166921e-06,6.422129201963916e-05,-0.00014605625376387554,0.0001097554017959236,0.9697482333353901,0.9769315535823189,False
training_mean,wikipedia_en,gutenberg_pg_19,0.005,1.1139499640766892e-05,2.227117406524502e-05,-3.441792651929305e-05,5.0343375576651284e-05,0.6169513809503118,0.7341859070896797,False
training_mean,wikipedia_en,pile_cc,0.005,2.2876666584859975e-05,2.3687987903724417e-05,-2.2436694681656285e-05,6.630432518224365e-05,0.33416945680305365,0.5196707619852529,False
training_mean,wikipedia_en,ubuntu_irc,0.005,-7.546042087118901e-05,2.3293226864888887e-05,-0.0001249473518067012,-3.332533619004383e-05,0.0011970319615766016,0.008173653314510775,True
training_mean,wikipedia_en,europarl,0.005,7.975520419141132e-06,2.3976155467651145e-05,-3.9771332230483056e-05,5.2603249089406745e-05,0.7394031466965667,0.8242526881207629,False
training_mean,wikipedia_en,hackernews,0.005,-3.372422876513988e-06,2.8141862190681938e-05,-6.484763807034871e-05,4.543992640262649e-05,0.904612650340447,0.9391398507351205,False
training_mean,wikipedia_en,pubmed_abstracts,0.005,-1.1352074499356283e-05,2.2744911024211254e-05,-5.4347725097926987e-05,3.5638471600532274e-05,0.6177061684779726,0.7341859070896797,False
training_mean,wikipedia_en,uspto_backgrounds,0.005,2.587828615895367e-05,2.244971078392777e-05,-1.6795473319006816e-05,6.748490792092604e-05,0.24902431381441537,0.4341962394712884,False
training_mean,dm_mathematics,github,0.005,-9.59095677610062e-05,2.2587445824250512e-05,-0.0001384580627490418,-5.232704656919183e-05,2.1748001978827708e-05,0.00029577282691205687,True
training_mean,dm_mathematics,philpapers,0.005,-1.4409973268977303e-05,7.759443195377612e-05,-0.00017537148927589208,0.00013690635449363484,0.8526730822543359,0.8989421642371294,False
training_mean,dm_mathematics,stackexchange,0.005,-0.0001858788096574448,2.0398456288363017e-05,-0.00022049384058971528,-0.00014268506486015482,8.058238084534013e-20,1.0959203794966258e-17,True
training_mean,dm_mathematics,enron_emails,0.005,6.214663587958e-05,0.00013752239754437546,-0.000186200312064948,0.00034769085503124513,0.6513396391905848,0.763639576982065,False
training_mean,dm_mathematics,gutenberg_pg_19,0.005,-8.320529433809131e-05,2.1143387458240663e-05,-0.0001259548697874008,-4.437177189640312e-05,8.309739087461542e-05,0.0008072317970676927,True
training_mean,dm_mathematics,pile_cc,0.005,-9.793559261035166e-05,2.116457207508054e-05,-0.0001404024353614131,-5.775385481759525e-05,3.703987946476088e-06,0.0001007484721441496,True
training_mean,dm_mathematics,ubuntu_irc,0.005,-0.00012863932164973438,2.8743558528073213e-05,-0.00018688696573816076,-7.6729269246731e-05,7.626342426580685e-06,0.0001481689385735676,True
training_mean,dm_mathematics,europarl,0.005,-8.051056370767116e-05,3.923614949328596e-05,-0.00015529763990638638,-1.9100750074623417e-06,0.04017465378996255,0.13008935512940253,False
training_mean,dm_mathematics,hackernews,0.005,-2.1413244701811595e-05,4.328618923693241e-05,-0.00010607211920622648,5.93254568410681e-05,0.6208189655537732,0.7341859070896797,False
training_mean,dm_mathematics,pubmed_abstracts,0.005,-0.0001295764192463574,2.1023125501777016e-05,-0.00017127901714158412,-8.946821747341965e-05,7.11461415633607e-10,3.2252917508723516e-08,True
training_mean,dm_mathematics,uspto_backgrounds,0.005,-9.647085622383308e-05,2.2002718787177555e-05,-0.00014345652974484587,-5.791385489532883e-05,1.1625404337906147e-05,0.0001976318737444045,True
training_mean,github,philpapers,0.005,5.616258785963548e-05,2.8267829549933187e-05,5.02237039340307e-08,0.00010971129389582919,0.04694431320740489,0.1451006044592515,False
training_mean,github,stackexchange,0.005,-5.7696541913801605e-05,2.5037455286013433e-05,-0.00010099770915060173,-2.671728017902657e-06,0.021199684930479818,0.07792316623095284,False
training_mean,github,enron_emails,0.005,0.00011174689007169127,4.719334100115415e-05,1.2985707079888787e-06,0.00019092789502428786,0.017891647161147096,0.06759066705322236,False
training_mean,github,gutenberg_pg_19,0.005,2.1574438859124836e-05,2.2436304613280627e-05,-2.340840662438445e-05,6.507031471626147e-05,0.3362575518728107,0.5196707619852529,False
training_mean,github,pile_cc,0.005,4.191617764719896e-05,2.3557778241207302e-05,-4.701426786035768e-06,8.847061578120932e-05,0.07519182336519271,0.2086956730135961,False
training_mean,github,ubuntu_irc,0.005,-7.911657680920594e-05,2.0704019102725526e-05,-0.00011880562306183628,-3.968876649094897e-05,0.000132742022846543,0.0011283071941956156,True
training_mean,github,europarl,0.005,3.2275085233496745e-05,2.4176857222593738e-05,-1.4324962033342553e-05,7.961656392153857e-05,0.1818901435881204,0.353386564685491,False
training_mean,github,hackernews,0.005,1.6347499308266033e-05,2.580525809823368e-05,-3.302805296616846e-05,6.860572758496389e-05,0.5264105125264337,0.6568057770972017,False
training_mean,github,pubmed_abstracts,0.005,1.8201060120596812e-06,2.2976181577605763e-05,-3.979955821011185e-05,4.97260992699296e-05,0.9368599594808752,0.959381631932591,False
training_mean,github,uspto_backgrounds,0.005,3.531481560507431e-05,2.27702393833425e-05,-7.630309700067305e-06,8.294278937221227e-05,0.12092089956930743,0.2835386610590657,False
training_mean,philpapers,stackexchange,0.005,-4.7030528395359025e-05,3.0085054830865787e-05,-0.00010933163706700523,1.3608899555875143e-05,0.11799328460398029,0.2815278369498477,False
training_mean,philpapers,enron_emails,0.005,0.0005507971989167486,0.0005409808292462831,-0.00046774852374291355,0.0016273338133504839,0.30860881323732614,0.4996523642890042,False
training_mean,philpapers,gutenberg_pg_19,0.005,4.383335584110956e-05,4.4808009916694346e-05,-4.325003120172822e-05,0.0001225306148568277,0.32795157386248475,0.5190862217224367,False
training_mean,philpapers,pile_cc,0.005,4.21826082406737e-05,2.6561064554773394e-05,-1.0950765085204006e-05,8.810760623380361e-05,0.11225537293194214,0.2815278369498477,False
training_mean,philpapers,ubuntu_irc,0.005,-3.562691269823639e-05,8.837128677768466e-05,-0.00020684888899411696,0.0001328230377065785,0.6868376430939998,0.7849573063931425,False
training_mean,philpapers,europarl,0.005,0.0003227140019580951,0.0001343369817084193,4.077551021057014e-05,0.0005546657895649956,0.016293577438541682,0.06517430975416673,False
training_mean,philpapers,hackernews,0.005,9.576395365525993e-05,0.00014611605068062206,-0.00021683091222601675,0.00036513858391836585,0.5122124803636736,0.6513900433906222,False
training_mean,philpapers,pubmed_abstracts,0.005,-3.725481006368288e-05,4.1653824893628734e-05,-0.00011426910107821393,4.4105966271446685e-05,0.37111267526856373,0.5427024068443512,False
training_mean,philpapers,uspto_backgrounds,0.005,3.531130280563096e-05,3.427216128521729e-05,-3.238408084104457e-05,0.00010318576271041309,0.3028596822085978,0.4985629294394324,False
training_mean,stackexchange,enron_emails,0.005,-1.5293569370769978e-05,4.8867359471139167e-05,-0.00010200910695351396,8.171173705366642e-05,0.7543104215854533,0.8340342872814768,False
training_mean,stackexchange,gutenberg_pg_19,0.005,-7.112137874773314e-05,2.318838456087557e-05,-0.00011889045607845505,-2.3353752657830373e-05,0.0021613766283958683,0.012247800894243254,True
training_mean,stackexchange,pile_cc,0.005,-6.260275920219157e-05,2.366542341108906e-05,-0.00010444774885109279,-9.385190871489001e-06,0.008161225477425446,0.036997555497662024,True
training_mean,stackexchange,ubuntu_irc,0.005,-0.00015432230400575482,2.4231533221179615e-05,-0.00019966013987655703,-0.00010363451035336802,1.9069152302177227e-10,1.2967023565480514e-08,True
training_mean,stackexchange,europarl,0.005,-4.156090074674726e-05,2.3937697089392735e-05,-8.522721976591275e-05,6.1392210272143965e-06,0.08252647579345332,0.21834382328857466,False
training_mean,stackexchange,hackernews,0.005,-5.85101132226709e-05,2.3245367659888914e-05,-9.884651917887213e-05,-8.583832507884721e-06,0.011833682390461814,0.051915509842026024,False
training_mean,stackexchange,pubmed_abstracts,0.005,-8.990045211719812e-05,2.2694431218380302e-05,-0.00012621785442892133,-4.1854056134685126e-05,7.452902421790995e-05,0.0007796882533565965,True
training_mean,stackexchange,uspto_backgrounds,0.005,-6.109053567868763e-05,2.2579408110784606e-05,-0.00010096230574124896,-1.5392961546814435e-05,0.006818394345595819,0.03434450485189005,True
training_mean,enron_emails,gutenberg_pg_19,0.005,0.00025414971491556236,9.161076345874437e-05,4.651461849662355e-05,0.0004037375896364646,0.005533182542548122,0.028942800991790175,True
training_mean,enron_emails,pile_cc,0.005,6.536836552971379e-05,4.164993568778392e-05,-2.010816068199141e-05,0.00014761105553738282,0.11653823545089577,0.2815278369498477,False
training_mean,enron_emails,ubuntu_irc,0.005,0.00013698176777788914,0.0001698361217177225,-0.00018007158337927367,0.00043644480845641496,0.4199242842383608,0.607550028259756,False
training_mean,enron_emails,europarl,0.005,-0.00019329254129503862,0.0002720655160516345,-0.0007067853404057547,0.00034142009983843797,0.4774169341106982,0.6428584459312372,False
training_mean,enron_emails,hackernews,0.005,0.0002466941191896453,0.00027402058152728415,-0.00029229089177322564,0.0007885689686306075,0.3679734556313884,0.5427024068443512,False
training_mean,enron_emails,pubmed_abstracts,0.005,4.359331644677854e-05,6.391163498536325e-05,-5.995411139838904e-05,0.00018490202609784407,0.49518373181290043,0.649757624006161,False
training_mean,enron_emails,uspto_backgrounds,0.005,6.686098174806615e-05,5.476644086364837e-05,-3.7329634353743255e-05,0.0001762143743858974,0.22214715813802355,0.4020682533158797,False
training_mean,gutenberg_pg_19,pile_cc,0.005,3.2055889756366414e-05,2.144185351461234e-05,-6.352157222286038e-06,7.833364374551358e-05,0.13491056245836824,0.30287845971161237,False
training_mean,gutenberg_pg_19,ubuntu_irc,0.005,-0.00010026720322499152,2.646078960586826e-05,-0.00014648159131823633,-4.682243360778378e-05,0.00015108770825292804,0.0012087016660234243,True
training_mean,gutenberg_pg_19,europarl,0.005,4.2289617587876783e-07,2.7905237898879264e-05,-4.776134081276157e-05,5.968175548205075e-05,0.9879087425986582,0.9879087425986581,False
training_mean,gutenberg_pg_19,hackernews,0.005,1.7389446973948897e-05,2.655021835314701e-05,-4.049243084749432e-05,6.894089625850677e-05,0.5124906959029161,0.6513900433906222,False
training_mean,gutenberg_pg_19,pubmed_abstracts,0.005,-5.237438509683807e-06,2.115748921994856e-05,-4.341618778816993e-05,3.915374857581462e-05,0.8044861831485683,0.8752809672656424,False
training_mean,gutenberg_pg_19,uspto_backgrounds,0.005,2.706584880704242e-05,2.1686945123313388e-05,-1.189754879251356e-05,6.847036740931565e-05,0.21202191690897532,0.3896619013462249,False
training_mean,pile_cc,ubuntu_irc,0.005,-7.534235087362353e-05,2.3545381731152956e-05,-0.00012186442735795531,-3.3426357686655476e-05,0.0013748573279734747,0.008903837933542503,True
training_mean,pile_cc,europarl,0.005,4.8178207645075076e-05,2.255509492953312e-05,6.2960983921986375e-06,9.209457137580313e-05,0.032677517080013894,0.11695111376004973,False
training_mean,pile_cc,hackernews,0.005,2.124498902213518e-05,2.173059041834924e-05,-2.2048004531445595e-05,6.23986559960018e-05,0.3282456990303644,0.5190862217224367,False
training_mean,pile_cc,pubmed_abstracts,0.005,6.736117814324178e-06,2.2867832778607212e-05,-3.4126437096437676e-05,5.6246394456056065e-05,0.7683243764423745,0.8426783483561526,False
training_mean,pile_cc,uspto_backgrounds,0.005,3.898849651096786e-05,2.1770635923509028e-05,1.6748939625209589e-06,8.175755547958865e-05,0.07331329069766783,0.20772099031005886,False
training_mean,ubuntu_irc,europarl,0.005,-9.356475028538514e-06,4.7270720473707244e-05,-0.00010966153250222853,8.344308651492228e-05,0.843096830653919,0.8961350903646197,False
training_mean,ubuntu_irc,hackernews,0.005,-3.7992554291805385e-05,5.591931945129165e-05,-0.00016171945588342948,5.868383901372118e-05,0.4968734771811819,0.649757624006161,False
training_mean,ubuntu_irc,pubmed_abstracts,0.005,-9.841129047746905e-05,2.476281162942953e-05,-0.0001470739223316016,-5.0090870211651446e-05,7.062909282196624e-05,0.0007796882533565965,True
training_mean,ubuntu_irc,uspto_backgrounds,0.005,-8.006752079070488e-05,2.3865339847684648e-05,-0.0001269568933104065,-3.120994307857145e-05,0.0007937333261183639,0.0059970962417831945,True
training_mean,europarl,hackernews,0.005,9.841848105756815e-05,7.335655385593236e-05,-5.8378669743839254e-05,0.000222759601902507,0.17971100705378507,0.353386564685491,False
training_mean,europarl,pubmed_abstracts,0.005,-1.6973835305780624e-05,2.3855590662550555e-05,-6.308510613801648e-05,3.3624098520617305e-05,0.4767593238504374,0.6428584459312372,False
training_mean,europarl,uspto_backgrounds,0.005,4.739598471652839e-05,2.507214834546076e-05,-2.044653653594282e-06,9.458137436707004e-05,0.058706639633844496,0.1774245108933967,False
training_mean,hackernews,pubmed_abstracts,0.005,-9.773520731361928e-07,2.48019707550384e-05,-5.071589361864117e-05,4.497670735474906e-05,0.9685665158691388,0.9769315535823189,False
training_mean,hackernews,uspto_backgrounds,0.005,2.610493154731878e-05,2.528530259831957e-05,-2.840952986250936e-05,7.367436740782809e-05,0.30187763937987544,0.4985629294394324,False
training_mean,pubmed_abstracts,uspto_backgrounds,0.005,4.086919179298883e-06,1.9267721495279357e-05,-3.279477617199167e-05,4.175702817115677e-05,0.8320194864874338,0.8961350903646197,False
recommended_centroid,arxiv,freelaw,0.005,3.145600653421829e-05,2.4827028999896493e-05,-1.432050111216136e-05,7.956452524289657e-05,0.20515297413883005,0.3444543763318628,False
recommended_centroid,arxiv,nih_exporter,0.005,1.2187015103069642e-05,2.5134551996570747e-05,-3.9513660713075627e-05,5.871940163967532e-05,0.6277678620263747,0.7445431645363733,False
recommended_centroid,arxiv,pubmed_central,0.005,3.477576206372449e-05,2.664325566929627e-05,-1.9573676334804023e-05,7.887097156567196e-05,0.1918121720781233,0.33020829623575654,False
recommended_centroid,arxiv,wikipedia_en,0.005,1.5817379874125236e-05,2.5735555367348098e-05,-3.887517231773758e-05,6.184049862036114e-05,0.5388110205452707,0.6785027666125631,False
recommended_centroid,arxiv,dm_mathematics,0.005,-8.578076757803672e-05,2.161443630508936e-05,-0.00013454729537689547,-5.072274893678855e-05,7.22720448962338e-05,0.0010392813728070578,True
recommended_centroid,arxiv,github,0.005,-1.3498228030148786e-05,2.1240244480022025e-05,-5.791940549719991e-05,2.443747051236077e-05,0.5251007501704097,0.66741777591753,False
recommended_centroid,arxiv,philpapers,0.005,4.893571958280637e-05,3.8202219342825096e-05,-3.63305363282046e-05,0.00011685459682376453,0.20020583413349746,0.3403499180269457,False
recommended_centroid,arxiv,stackexchange,0.005,-7.78703083801053e-05,2.189021699693216e-05,-0.00011921414493941946,-3.373278522050253e-05,0.00037467057398202436,0.0035976853270976213,True
recommended_centroid,arxiv,enron_emails,0.005,-6.835100072526454e-06,5.960145807282664e-05,-0.00012975943303339347,9.875971644492225e-05,0.9086987023683951,0.9433818589473415,False
recommended_centroid,arxiv,gutenberg_pg_19,0.005,1.007358033550082e-05,2.398417463389497e-05,-4.122418318684707e-05,4.954356561939019e-05,0.6744785399258941,0.7589748554895404,False
recommended_centroid,arxiv,pile_cc,0.005,4.3175905758313295e-05,2.7661732535467233e-05,-9.68625665456465e-06,8.979682303091727e-05,0.11855837455355338,0.24065580506392925,False
recommended_centroid,arxiv,ubuntu_irc,0.005,-8.765495254961693e-05,2.474590273685074e-05,-0.0001349123010385255,-4.3577983508440595e-05,0.00039680352872400234,0.0035976853270976213,True
recommended_centroid,arxiv,europarl,0.005,3.414963779887047e-05,2.328052223043936e-05,-1.5946002669230654e-05,7.43226666763133e-05,0.14240980823707003,0.27278498479213414,False
recommended_centroid,arxiv,hackernews,0.005,1.8096247280517674e-05,2.732156203934209e-05,-3.570861829330336e-05,6.235961392282851e-05,0.5077513799742194,0.65145460072164,False
recommended_centroid,arxiv,pubmed_abstracts,0.005,-6.743725734303035e-06,2.3403257866274774e-05,-5.078582775747696e-05,3.741156614919135e-05,0.7732294026805158,0.8480580545528237,False
recommended_centroid,arxiv,uspto_backgrounds,0.005,2.8763942414107316e-05,2.335174509772064e-05,-2.0988636842728976e-05,7.037026569730169e-05,0.21803559916180548,0.35220483858593654,False
recommended_centroid,freelaw,nih_exporter,0.005,4.3200025951264175e-05,2.6400508092294822e-05,-4.97925372059581e-06,9.709912246118875e-05,0.10176988666344501,0.21969372359092892,False
recommended_centroid,freelaw,pubmed_central,0.005,6.665755733137675e-05,2.756342383574453e-05,1.9774415808526348e-05,0.0001291523178996439,0.01559176981654727,0.05301201737626071,False
recommended_centroid,freelaw,wikipedia_en,0.005,5.354362902043491e-05,3.0049650952527717e-05,-4.491606718057191e-06,0.00011316808298790661,0.07477554997818665,0.18159776423273902,False
recommended_centroid,freelaw,dm_mathematics,0.005,-7.21787561096211e-05,2.362905176277181e-05,-0.00011671012567543879,-2.4827541629134912e-05,0.0022531462300110906,0.013322951620935145,True
recommended_centroid,freelaw,github,0.005,1.85714997088227e-05,2.502188256123171e-05,-2.476940514850679e-05,7.547299387640613e-05,0.4579599108997294,0.6106132145329726,False
recommended_centroid,freelaw,philpapers,0.005,3.880601487592425e-05,5.658610438562492e-05,-5.7877324559556634e-05,0.00015218127655580548,0.49284743403560505,0.6383547717032598,False
recommended_centroid,freelaw,stackexchange,0.005,-5.155884431993312e-05,2.8896955846139627e-05,-0.00010032456683292589,1.1725767002869245e-05,0.07438613757034829,0.18159776423273902,False
recommended_centroid,freelaw,enron_emails,0.005,7.074277910238492e-05,5.274192697288109e-05,-2.343837930694633e-05,0.00017918703883327056,0.17982287011134035,0.3135373119890037,False
recommended_centroid,freelaw,gutenberg_pg_19,0.005,4.4164926124726685e-05,2.630617623349299e-05,-3.452297886823531e-06,9.823688705584126e-05,0.09317533699813638,0.20975027368427035,False
recommended_centroid,freelaw,pile_cc,0.005,8.489510167258556e-05,3.2207658828515884e-05,2.6050061400964008e-05,0.00015126501724982037,0.008392264425034676,0.03259878209361894,True
recommended_centroid,freelaw,ubuntu_irc,0.005,-7.267725061388776e-05,2.7671711538164136e-05,-0.00012456754448117742,-1.6392907835212673e-05,0.00862908937772266,0.03259878209361894,True
recommended_centroid,freelaw,europarl,0.005,5.4370062556475485e-05,2.7089342815435034e-05,1.7100883186412481e-06,0.0001085199984021401,0.04474277883385692,0.11701957541162579,False
recommended_centroid,freelaw,hackernews,0.005,4.436633010868916e-05,2.4454302128444455e-05,5.231337175112622e-07,9.208873683276656e-05,0.06963853776532257,0.1753859469645161,False
recommended_centroid,freelaw,pubmed_abstracts,0.005,3.0726615776804686e-05,2.9917743499182815e-05,-1.9953786198488663e-05,9.441228402405158e-05,0.30440325837771953,0.4495898678146486,False
recommended_centroid,freelaw,uspto_backgrounds,0.005,6.246670071598518e-05,2.6273078993087862e-05,2.033804688367738e-05,0.00012423551961751885,0.01742602647256319,0.05642713333972843,False
recommended_centroid,nih_exporter,pubmed_central,0.005,1.3000429155704906e-05,2.695381613554734e-05,-4.21122880198028e-05,6.014942682651488e-05,0.6295769406006098,0.7445431645363733,False
recommended_centroid,nih_exporter,wikipedia_en,0.005,-1.6953507965487437e-05,2.9192303344457867e-05,-8.378876837870369e-05,3.1932390425230555e-05,0.5614071615159151,0.6941033996924041,False
recommended_centroid,nih_exporter,dm_mathematics,0.005,-7.048788474723121e-05,4.067278371785964e-05,-0.00014630409879743037,6.827149738073598e-06,0.08308714520507987,0.19482503013604935,False
recommended_centroid,nih_exporter,github,0.005,-7.364594151903373e-06,3.202937122757586e-05,-7.524289268407137e-05,5.005857704729872e-05,0.8181442032348587,0.8830762828566728,False
recommended_centroid,nih_exporter,philpapers,0.005,0.00035572902229434475,0.0001453756115667626,5.271644167824677e-06,0.0006050414500647013,0.014406485858781057,0.050238001969082666,False
recommended_centroid,nih_exporter,stackexchange,0.005,-9.733267634418695e-05,2.475070533575465e-05,-0.0001458386199548196,-4.484545252959128e-05,8.405952280057085e-05,0.0010392813728070578,True
recommended_centroid,nih_exporter,enron_emails,0.005,0.0003049962141993224,0.0002468311982787611,-0.0002420700384050242,0.0007116176439349981,0.21658982947019112,0.35220483858593654,False
recommended_centroid,nih_exporter,gutenberg_pg_19,0.005,-3.167688125730508e-05,3.1037260962803776e-05,-9.831923453764858e-05,2.58748518353384e-05,0.30744013019678174,0.4495898678146486,False
recommended_centroid,nih_exporter,pile_cc,0.005,2.2438372621816497e-05,2.489644144131765e-05,-2.2567512135927128e-05,7.053165735946694e-05,0.3674457018665901,0.5047738934732955,False
recommended_centroid,nih_exporter,ubuntu_irc,0.005,-0.00013160332869943862,4.2363793150639494e-05,-0.0002182520949113134,-4.867821005205618e-05,0.0018931320586436685,0.011702998180706314,True
recommended_centroid,nih_exporter,europarl,0.005,8.053177654568993e-05,6.980200271317889e-05,-6.549303452610545e-05,0.00021682072273013496,0.2486160980550718,0.3886412567297674,False
recommended_centroid,nih_exporter,hackernews,0.005,1.1523126091336204e-06,5.1867678291561905e-05,-9.899571649473358e-05,8.762414557239767e-05,0.9822753428757427,0.9822753428757426,False
recommended_centroid,nih_exporter,pubmed_abstracts,0.005,-9.347642338792518e-06,2.7261022206806806e-05,-6.313006906179463e-05,4.148225856082249e-05,0.7316781673772744,0.8156412357648306,False
recommended_centroid,nih_exporter,uspto_backgrounds,0.005,-1.2579169304247858e-06,2.842698975733145e-05,-6.096916809041141e-05,4.80175825554625e-05,0.9647044921647896,0.9718504513660102,False
recommended_centroid,pubmed_central,wikipedia_en,0.005,4.8894375941892095e-05,2.8883292834203793e-05,-9.297074531902208e-06,0.00010291274803685566,0.09048867873362783,0.20858407301310822,False
recommended_centroid,pubmed_central,dm_mathematics,0.005,-7.35742239237304e-05,2.7499387465149e-05,-0.00013246435668040675,-1.765002309241541e-05,0.007462100793618629,0.03259878209361894,True
recommended_centroid,pubmed_central,github,0.005,1.1339621796021502e-05,2.4613912546121722e-05,-3.516143977707674e-05,5.950077457322784e-05,0.6450140798987511,0.7562234040192254,False
recommended_centroid,pubmed_central,philpapers,0.005,3.3932788439993204e-06,3.219391882365596e-05,-5.9356089941230366e-05,6.562746816727086e-05,0.9160574351379964,0.9438167513542994,False
recommended_centroid,pubmed_central,stackexchange,0.005,-6.398007692099511e-05,2.7125690247961553e-05,-0.00011159359455929961,-3.2552082947072293e-06,0.018341422331455817,0.0580100799320463,False
recommended_centroid,pubmed_central,enron_emails,0.005,0.00017460791446811716,3.7214009148336826e-05,0.0001034608647542799,0.0002535227219076564,2.705548215920928e-06,7.359091147304925e-05,True
recommended_centroid,pubmed_central,gutenberg_pg_19,0.005,4.1908059529282544e-05,2.922003027959418e-05,-1.7482523836912727e-05,9.566590164513492e-05,0.15150843988825735,0.27473530433070664,False
recommended_centroid,pubmed_central,pile_cc,0.005,8.363839181924353e-05,3.344592576279497e-05,1.9285160209978e-05,0.0001521923217227455,0.012394639573547623,0.045558675189256125,True
recommended_centroid,pubmed_central,ubuntu_irc,0.005,-7.49889224559502e-05,2.6095998336395476e-05,-0.00012689051815853583,-2.4444323837151117e-05,0.004058490872959635,0.019746587634575978,True
recommended_centroid,pubmed_central,europarl,0.005,2.8903432492547002e-05,2.3555911726717866e-05,-1.8418726174859325e-05,7.359895957403053e-05,0.2198173446336038,0.35220483858593654,False
recommended_centroid,pubmed_central,hackernews,0.005,4.037564180391378e-05,2.575616334601447e-05,-1.5344492920752098e-05,8.406884052789694e-05,0.11697197218393053,0.24065580506392925,False
recommended_centroid,pubmed_central,pubmed_abstracts,0.005,2.9848415161711703e-05,2.634681004382879e-05,-1.6122045680818878e-05,8.143795717650791e-05,0.257254431752698,0.3975750308905333,False
recommended_centroid,pubmed_central,uspto_backgrounds,0.005,5.871873026593218e-05,2.7504812326305627e-05,7.250648427148445e-06,0.00010992958054606825,0.03277302197858195,0.09811972465374699,False
recommended_centroid,wikipedia_en,dm_mathematics,0.005,-9.578951451010954e-05,2.2762865245484384e-05,-0.0001434184511496664,-5.603112080573632e-05,2.5747178507666015e-05,0.0005002308967203683,True
recommended_centroid,wikipedia_en,github,0.005,-3.2826907945929957e-06,2.564353271228632e-05,-5.647675010750317e-05,4.454316488407417e-05,0.8981391406307471,0.9395917163521661,False
recommended_centroid,wikipedia_en,philpapers,0.005,4.3271539865905845e-05,2.939970522190463e-05,-1.9418901565050123e-05,9.693843048870715e-05,0.1410652124592328,0.27278498479213414,False
recommended_centroid,wikipedia_en,stackexchange,0.005,-8.226020540138269e-05,2.630866925112526e-05,-0.0001322598334890162,-3.3613273073103245e-05,0.00176759895643488,0.011447307527387795,True
recommended_centroid,wikipedia_en,enron_emails,0.005,3.4518705141270654e-05,4.847211898319014e-05,-7.149408556960536e-05,0.00011598757759460916,0.4763810206312482,0.6229597962100938,False
recommended_centroid,wikipedia_en,gutenberg_pg_19,0.005,2.14767063844081e-05,2.790014588497591e-05,-3.722810970490295e-05,7.026688754159703e-05,0.44143610259908483,0.6003530995347554,False
recommended_centroid,wikipedia_en,pile_cc,0.005,6.149370070784464e-05,2.940663974268905e-05,3.151060458746731e-06,0.00011274488343720272,0.03651460148120121,0.10565927237113543,False
recommended_centroid,wikipedia_en,ubuntu_irc,0.005,-9.308337833026946e-05,2.929836462257286e-05,-0.00015477966238404734,-4.2107588701478586e-05,0.0014876371619267396,0.010648350211686137,True
recommended_centroid,wikipedia_en,europarl,0.005,2.4415737344572707e-05,2.56541129579196e-05,-2.9153629679061266e-05,6.941576620820302e-05,0.34123495063671905,0.4834161800686853,False
recommended_centroid,wikipedia_en,hackernews,0.005,2.229494383748806e-05,3.0414124867683048e-05,-4.448133561978043e-05,7.060890984758306e-05,0.46353054905134194,0.6120403366114806,False
recommended_centroid,wikipedia_en,pubmed_abstracts,0.005,5.794379336515763e-06,2.7226137657714593e-05,-4.4962575840459674e-05,6.326440976202722e-05,0.8314641339484748,0.8903867891101778,False
recommended_centroid,wikipedia_en,uspto_backgrounds,0.005,4.5313469152321977e-05,2.7451821540476526e-05,-9.112140594805976e-06,9.42972497902087e-05,0.09880917038898325,0.21674269633712456,False
recommended_centroid,dm_mathematics,github,0.005,-9.58424563344281e-05,2.3100300877858594e-05,-0.00014237563729404951,-5.514574639217532e-05,3.339745073548848e-05,0.0005677566625033042,True
recommended_centroid,dm_mathematics,philpapers,0.005,-1.0562594717357012e-05,6.541898913566348e-05,-0.00015284827603684667,0.00012087865629054683,0.8717305748266098,0.919033784313325,False
recommended_centroid,dm_mathematics,stackexchange,0.005,-0.00018357845361918624,2.3276819060564454e-05,-0.00022592416480539168,-0.00013365601592473298,3.1015777465886935e-15,4.2181457353606234e-13,True
recommended_centroid,dm_mathematics,enron_emails,0.005,4.5723406832300076e-05,0.00010160744441211262,-0.00014499495144992968,0.00025713599531280307,0.6527100371640728,0.7587056842249053,False
recommended_centroid,dm_mathematics,gutenberg_pg_19,0.005,-8.361356073043558e-05,2.3496738895805666e-05,-0.0001333667491141178,-3.758754822474505e-05,0.0003729536934356513,0.0035976853270976213,True
recommended_centroid,dm_mathematics,pile_cc,0.005,-7.410922900789898e-05,2.6414195126582716e-05,-0.00012698446690060383,-2.4393658009033842e-05,0.00502137729473389,0.023548528002889965,True
recommended_centroid,dm_mathematics,ubuntu_irc,0.005,-0.00016009932742920503,2.5050631402902617e-05,-0.00021275649663705674,-0.00011423247786239101,1.647724516330046e-10,7.469684474029542e-09,True
recommended_centroid,dm_mathematics,europarl,0.005,-6.90126060640313e-05,3.351985704151711e-05,-0.00013233023990106603,1.2773930645377737e-06,0.03950790004419466,0.11193905012521821,False
recommended_centroid,dm_mathematics,hackernews,0.005,-4.4610342396072095e-05,3.1066373542285195e-05,-0.0001080046602152086,7.847113137791727e-06,0.15101122626088906,0.27473530433070664,False
recommended_centroid,dm_mathematics,pubmed_abstracts,0.005,-0.00011213302106591178,2.4328654835192393e-05,-0.00016139275275208926,-6.507780726010653e-05,4.044303388663235e-06,9.16708768097e-05,True
recommended_centroid,dm_mathematics,uspto_backgrounds,0.005,-7.800336803478226e-05,2.3791402010124493e-05,-0.00012838394181460475,-3.5225304284757244e-05,0.0010430976324987237,0.00788118211221258,True
recommended_centroid,github,philpapers,0.005,5.884929575793955e-05,3.951279834883893e-05,-1.936977784389426e-05,0.00013375080764736126,0.13638916941980242,0.26882502958105986,False
recommended_centroid,github,stackexchange,0.005,-8.127546550169119e-05,2.384349654109986e-05,-0.0001190105475063871,-2.7381739029578352e-05,0.0006527182537236866,0.005221746029789493,True
recommended_centroid,github,enron_emails,0.005,0.00012640661642235733,7.211779740408692e-05,-5.285215017336617e-05,0.0002435974304586184,0.07963981675047185,0.19001780838709076,False
recommended_centroid,github,gutenberg_pg_19,0.005,-6.046253976305691e-06,2.2654847261621688e-05,-4.758408501506895e-05,3.843682281281419e-05,0.7895571941454986,0.8590382272303024,False
recommended_centroid,github,pile_cc,0.005,2.575949950844084e-05,2.4497999722553377e-05,-1.864181810811851e-05,7.427098416377218e-05,0.29303176761870664,0.4379375867708143,False
recommended_centroid,github,ubuntu_irc,0.005,-0.00010265172492974224,2.105898054133554e-05,-0.0001425588654716143,-6.488802931681321e-05,1.0909161990665304e-06,3.709115076826203e-05,True
recommended_centroid,github,europarl,0.005,7.739430624306687e-06,2.6720933651172666e-05,-4.0753568010077356e-05,5.919576339860906e-05,0.7720922522652278,0.8480580545528237,False
recommended_centroid,github,hackernews,0.005,-4.634494772146909e-06,2.633149613130728e-05,-6.147571408075015e-05,4.541436729116305e-05,0.8602894237214138,0.9140575127040022,False
recommended_centroid,github,pubmed_abstracts,0.005,-1.7113420447122478e-05,2.2581906222039988e-05,-6.0511579288454876e-05,2.8451817211415562e-05,0.4485481348474102,0.603985607319285,False
recommended_centroid,github,uspto_backgrounds,0.005,1.0678283769007436e-05,2.1946645568413376e-05,-2.7599391789119493e-05,5.577075922739944e-05,0.6265726336341786,0.7445431645363733,False
recommended_centroid,philpapers,stackexchange,0.005,-5.088139668349083e-05,3.14091928855108e-05,-0.00011557749947466689,1.2699793080433765e-05,0.1052425072409021,0.22364032788691696,False
recommended_centroid,philpapers,enron_emails,0.005,0.0004721811504579877,0.00044371132421782875,-0.0003745415246951021,0.0013580058226677937,0.28725488913244046,0.4379375867708143,False
recommended_centroid,philpapers,gutenberg_pg_19,0.005,4.4038854284996504e-05,3.5915261522577666e-05,-2.8509844939644e-05,0.0001055050523544722,0.22012802411621035,0.35220483858593654,False
recommended_centroid,philpapers,pile_cc,0.005,6.879975188455389e-05,2.8871645615161113e-05,1.1054274315991312e-05,0.0001160957232941585,0.0171744234839823,0.05642713333972843,False
recommended_centroid,philpapers,ubuntu_irc,0.005,-5.1776251859715646e-05,5.113916385084768e-05,-0.00014989527179787778,4.663945123487782e-05,0.3113191531303867,0.450419200273751,False
recommended_centroid,philpapers,europarl,0.005,0.000282603223917852,0.00011344311547858461,4.3216648747238134e-05,0.0004781786488094783,0.012733222465901809,0.045571533035859105,True
recommended_centroid,philpapers,hackernews,0.005,7.08878723658914e-05,7.804783782047224e-05,-9.54056917811881e-05,0.00020824178925322074,0.36373990152279434,0.5047738934732955,False
recommended_centroid,philpapers,pubmed_abstracts,0.005,-1.620079259110636e-05,3.727682306863169e-05,-8.462508354549413e-05,5.775784005634399e-05,0.6638472389795511,0.7589748554895404,False
recommended_centroid,philpapers,uspto_backgrounds,0.005,4.9520091535990126e-05,3.448871010214394e-05,-1.7241060368692914e-05,0.0001144700044591826,0.15104934356796224,0.27473530433070664,False
recommended_centroid,stackexchange,enron_emails,0.005,-2.0709784053797938e-05,4.812673443797283e-05,-0.00010779952525485021,7.514888515196592e-05,0.6669645778114277,0.7589748554895404,False
recommended_centroid,stackexchange,gutenberg_pg_19,0.005,-8.547596155816084e-05,2.717880232447328e-05,-0.00013357903377673932,-2.6879458432427447e-05,0.001661154856727971,0.011295853025750204,True
recommended_centroid,stackexchange,pile_cc,0.005,-6.0637106574987424e-05,2.7971430027051837e-05,-0.00011047143983805863,1.7602424304209411e-06,0.030172163744101827,0.09325941520904202,False
recommended_centroid,stackexchange,ubuntu_irc,0.005,-0.0001804862709928507,2.7706088240646044e-05,-0.00023853345359467262,-0.0001222471586926933,7.302062775119622e-11,4.9654026870813425e-09,True
recommended_centroid,stackexchange,europarl,0.005,-5.0114760417085034e-05,2.4909391164403543e-05,-9.608786579700449e-05,9.964284654007003e-07,0.04423235736950601,0.11701957541162579,False
recommended_centroid,stackexchange,hackernews,0.005,-6.410516149461732e-05,2.4322223551144317e-05,-0.00010943887637466968,-1.75342250429132e-05,0.008397331954702653,0.03259878209361894,True
recommended_centroid,stackexchange,pubmed_abstracts,0.005,-9.555728351482557e-05,2.5799249271800753e-05,-0.00013502760581072577,-3.8122196999630434e-05,0.00021232802266871583,0.002406384256912113,True
recommended_centroid,stackexchange,uspto_backgrounds,0.005,-6.542008505486106e-05,2.266540960608344e-05,-0.0001055514838173669,-1.5429748643495996e-05,0.0038975049548499604,0.019746587634575978,True
recommended_centroid,enron_emails,gutenberg_pg_19,0.005,0.0001729939790757089,5.7618827818647544e-05,4.093832633358153e-05,0.00026487504879716756,0.0026787202025477007,0.015179414481103638,True
recommended_centroid,enron_emails,pile_cc,0.005,9.452691649047975e-05,3.593028430826188e-05,2.0779094433737375e-05,0.0001627495612511135,0.008517351576853778,0.03259878209361894,True
recommended_centroid,enron_emails,ubuntu_irc,0.005,3.97917218644978e-05,7.951441647165784e-05,-0.00010891619667376091,0.00018616824730546241,0.6167694792057188,0.7445431645363733,False
recommended_centroid,enron_emails,europarl,0.005,-0.00012139065793622902,0.00020248648030222297,-0.0005064588027667621,0.0002754862650116111,0.5488394672940676,0.6847905279999376,False
recommended_centroid,enron_emails,hackernews,0.005,0.00014674468090428942,0.00012280675487673416,-9.922164540346032e-05,0.0003848707281283105,0.23211690909964378,0.36706860043664596,False
recommended_centroid,enron_emails,pubmed_abstracts,0.005,5.420855880989453e-05,5.145497797997384e-05,-2.795256212238531e-05,0.00016709845154182478,0.29210531090659686,0.4379375867708143,False
recommended_centroid,enron_emails,uspto_backgrounds,0.005,7.947602596436309e-05,4.746929541373421e-05,-9.62511789730278e-06,0.00017293584074329032,0.09407916687309185,0.20975027368427035,False
recommended_centroid,gutenberg_pg_19,pile_cc,0.005,5.471315513518404e-05,2.7946998949045692e-05,1.2964534021609455e-06,0.00011390883661469494,0.05025969975966493,0.128968286175744,False
recommended_centroid,gutenberg_pg_19,ubuntu_irc,0.005,-0.00010304556489513714,2.926911189877237e-05,-0.00015617937238663986,-4.397678229471894e-05,0.00043053113599928757,0.0036595146559939445,True
recommended_centroid,gutenberg_pg_19,europarl,0.005,1.3072621080353167e-05,2.703009614370504e-05,-3.4828302371899606e-05,6.778434965264813e-05,0.6286470176997095,0.7445431645363733,False
recommended_centroid,gutenberg_pg_19,hackernews,0.005,2.2800079152518563e-05,2.49928414444941e-05,-2.8048830125515392e-05,6.832745193987479e-05,0.36162955734470015,0.5047738934732955,False
recommended_centroid,gutenberg_pg_19,pubmed_abstracts,0.005,1.4689961774495077e-06,2.5728840983272582e-05,-4.501711817455909e-05,5.4683021258208584e-05,0.954469271617045,0.9687150816411799,False
recommended_centroid,gutenberg_pg_19,uspto_backgrounds,0.005,3.612901061070458e-05,2.4959879696733958e-05,-1.145033411453406e-05,8.55098357389905e-05,0.14776159266290737,0.27473530433070664,False
recommended_centroid,pile_cc,ubuntu_irc,0.005,-7.753535351585082e-05,2.9085384880330548e-05,-0.000134687458401618,-2.452249596110952e-05,0.007680902645121138,0.03259878209361894,True
recommended_centroid,pile_cc,europarl,0.005,6.81768357719721e-05,2.510474305104951e-05,1.849634071809886e-05,0.00011547255333582008,0.006613673124716045,0.02998198483204607,True
recommended_centroid,pile_cc,hackernews,0.005,5.329710003156206e-05,2.6211414129572147e-05,-1.5849961884604392e-07,0.00010120264799580369,0.04201670853143015,0.11428544720549,False
recommended_centroid,pile_cc,pubmed_abstracts,0.005,3.699372103993483e-05,2.7556639924749595e-05,-1.3424603202817477e-05,9.490319560175799e-05,0.17944648936159102,0.3135373119890037,False
recommended_centroid,pile_cc,uspto_backgrounds,0.005,7.343794606869257e-05,2.5561092251351606e-05,2.9575807833963054e-05,0.00012272772667328672,0.0040654739247656425,0.019746587634575978,True
recommended_centroid,ubuntu_irc,europarl,0.005,-4.655394249155536e-05,3.358597562646496e-05,-0.00012248195165688326,1.4144891582475043e-05,0.16571253721739831,0.29653822449429174,False
recommended_centroid,ubuntu_irc,hackernews,0.005,-6.797565117988426e-05,3.191634382278073e-05,-0.00013845899229407403,-1.2770886027617855e-05,0.03318755392700266,0.09811972465374699,False
recommended_centroid,ubuntu_irc,pubmed_abstracts,0.005,-0.00010766392312366181,2.7377025240937096e-05,-0.0001589777793262403,-5.2868394667323775e-05,8.401880176433089e-05,0.0010392813728070578,True
recommended_centroid,ubuntu_irc,uspto_backgrounds,0.005,-8.134176354345946e-05,2.7575911683663377e-05,-0.0001370991423096064,-2.6350987659498664e-05,0.0031804168029323193,0.017301467407951816,True
recommended_centroid,europarl,hackernews,0.005,6.436812818821317e-05,4.0899623087789564e-05,-1.8645440018995692e-05,0.00013227211115781742,0.11553199002392299,0.24065580506392925,False
recommended_centroid,europarl,pubmed_abstracts,0.005,-2.200412322503998e-06,2.4480872796127336e-05,-4.6595650536132663e-05,4.886475972208121e-05,0.9283802543508716,0.9493211623437484,False
recommended_centroid,europarl,uspto_backgrounds,0.005,5.518180491285196e-05,2.7009194073506084e-05,-1.6684194116371668e-06,0.00010518993001391603,0.0410450299285749,0.11392089939359565,False
recommended_centroid,hackernews,pubmed_abstracts,0.005,1.0526077255577751e-05,2.51258626286777e-05,-4.125353794297286e-05,5.231931789798259e-05,0.6752643934870175,0.7589748554895404,False
recommended_centroid,hackernews,uspto_backgrounds,0.005,3.975975164349514e-05,2.626262891685735e-05,-1.719297048867523e-05,8.492149022264962e-05,0.1300438855683724,0.2600877711367448,False
recommended_centroid,pubmed_abstracts,uspto_backgrounds,0.005,2.080306214751431e-05,2.1673201059543313e-05,-2.0248756080895612e-05,6.301297976325115e-05,0.33712978210373157,0.48262789859060523,False
