N_params_B,D_tokens_B,val_loss,predicted_loss,residual_pred_minus_actual,held_out_N_B
0.070542,0.134,4.7388,4.738647259006624,-0.00015274099337592162,0.070542
0.070542,0.268,4.3541,4.354796470312299,0.0006964703122989135,0.070542
0.070542,0.537,4.0384,4.037859712551253,-0.0005402874487474563,0.070542
0.070542,1.074,3.7776,3.777578466137917,-2.153386208325614e-05,0.070542
0.070542,2.097,3.5698,3.569949763132798,0.00014976313279824183,0.070542
0.070542,4.194,3.3922,3.3921748605761888,-2.5139423811104677e-05,0.070542
0.070542,6.291,3.3024,3.303093477242327,0.0006934772423270452,0.070542
0.070542,8.389,3.2452,3.2457241046093404,0.0005241046093402701,0.070542
0.070542,10.486,3.2041,3.204321344472455,0.0002213444724552538,0.070542
0.070542,12.583,3.172,3.1723596382085857,0.0003596382085855332,0.070542
0.070542,14.68,3.1466,3.146579590105889,-2.040989411078442e-05,0.070542
0.070542,16.777,3.1248,3.125129159139515,0.00032915913951514497,0.070542
0.070542,18.874,3.1064,3.1068624067524664,0.0004624067524665598,0.070542
0.070542,20.972,3.0913,3.091017531003126,-0.00028246899687411897,0.070542
0.070542,23.069,3.077,3.077088010297527,8.801029752714129e-05,0.070542
0.070542,25.166,3.0646,3.0646916175462526,9.161754625264251e-05,0.070542
0.070542,27.263,3.0531,3.053551466884356,0.0004514668843560443,0.070542
0.070542,29.36,3.0432,3.043457353340752,0.00025735334075172034,0.070542
0.070542,31.457,3.0342,3.03424622629321,4.622629321016092e-05,0.070542
0.070542,33.554,3.0254,3.0257892668946993,0.0003892668946994249,0.070542
0.070542,35.652,3.018,3.0179794909908337,-2.050900916605869e-05,0.070542
0.070542,37.749,3.0105,3.01074015373732,0.00024015373732000356,0.070542
0.070542,39.846,3.0039,3.003998050943019,9.805094301906792e-05,0.070542
0.070542,41.943,2.9975,2.9976954350326928,0.00019543503269270346,0.070542
0.070542,44.04,2.9921,2.9917837404099545,-0.0003162595900456644,0.070542
0.070542,46.137,2.9861,2.9862217662303965,0.0001217662303965028,0.070542
0.070542,48.234,2.9807,2.980974283298944,0.00027428329894396697,0.070542
0.070542,50.332,2.9761,2.9760086489140813,-9.135108591884489e-05,0.070542
0.070542,52.429,2.971,2.9713032879777317,0.0003032879777316033,0.070542
0.070542,54.526,2.9668,2.96683283583951,3.28358395100814e-05,0.070542
0.070542,56.623,2.9621,2.9625771844747635,0.00047718447476352566,0.070542
0.070542,58.72,2.9582,2.9585186126444496,0.00031861264444943416,0.070542
0.070542,60.817,2.9546,2.954641429095848,4.142909584770038e-05,0.070542
0.070542,62.915,2.951,2.9509299481772304,-7.005182276964561e-05,0.070542
0.070542,65.012,2.9473,2.947375242990463,7.524299046313132e-05,0.070542
0.070542,67.109,2.9439,2.943964337737599,6.433773759884076e-05,0.070542
0.070542,69.206,2.9406,2.940687186971534,8.718697153398125e-05,0.070542
0.070542,71.303,2.9372,2.937534724831138,0.0003347248311382778,0.070542
0.070542,73.4,2.9343,2.934498743984857,0.00019874398485697498,0.070542
0.070542,75.497,2.9314,2.9315717925127185,0.00017179251271848273,0.070542
0.070542,77.595,2.9289,2.9287457620118285,-0.00015423798817160161,0.070542
0.070542,79.692,2.926,2.9260171506944785,1.715069447838502e-05,0.070542
0.070542,81.789,2.923,2.923378920223757,0.00037892022375674017,0.070542
0.070542,83.886,2.9208,2.92082587211763,2.5872117630054703e-05,0.070542
0.070542,85.983,2.9182,2.9183532274780086,0.00015322747800849967,0.070542
0.070542,88.08,2.9158,2.9159565838594617,0.00015658385946171194,0.070542
0.070542,90.178,2.9137,2.9136307854440595,-6.921455594044446e-05,0.070542
0.070542,92.275,2.9115,2.911374289626964,-0.0001257103730361031,0.070542
0.070542,94.372,2.9093,2.909182488934316,-0.00011751106568391734,0.070542
0.070542,96.469,2.9068,2.90705215156033,0.0002521515603297608,0.070542
0.070542,98.566,2.9049,2.90498027298113,8.027298112978087e-05,0.070542
0.070542,100.663,2.903,2.9029640555347145,-3.594446528554229e-05,0.070542
0.070542,102.76,2.9011,2.9010008902177344,-9.910978226557177e-05,0.070542
0.070542,104.858,2.8989,2.899087440083562,0.00018744008356197384,0.070542
0.070542,106.955,2.8971,2.8972232495420926,0.0001232495420926405,0.070542
0.070542,109.052,2.8951,2.8954052606926277,0.0003052606926279289,0.070542
0.070542,111.149,2.8933,2.8936314725172556,0.00033147251725562654,0.070542
0.070542,113.246,2.892,2.8919000063546387,-9.999364536117383e-05,0.070542
0.070542,115.343,2.8904,2.8902090963156235,-0.00019090368437657546,0.070542
0.070542,117.441,2.8885,2.888556301834363,5.630183436311498e-05,0.070542
0.070542,119.538,2.8871,2.886941632340318,-0.00015836765968213484,0.070542
0.070542,121.635,2.8854,2.8853628144585675,-3.718554143272712e-05,0.070542
0.070542,123.732,2.8836,2.883818454335538,0.00021845433553790983,0.070542
0.070542,125.829,2.8823,2.8823072347719414,7.2347719415333245e-06,0.070542
0.070542,127.926,2.8811,2.8808279098125493,-0.0002720901874506687,0.070542
0.070542,130.023,2.8793,2.879379299799404,7.929979940390908e-05,0.070542
0.070542,132.121,2.8782,2.8779596170443575,-0.00024038295564254852,0.070542
0.070542,134.218,2.876,2.876569154229809,0.0005691542298089658,0.070542
0.070542,136.315,2.8753,2.8752062212480034,-9.377875199678698e-05,0.070542
0.070542,138.412,2.8738,2.8738698619348266,6.986193482649838e-05,0.070542
0.070542,140.509,2.8724,2.8725591671857384,0.00015916718573860678,0.070542
0.070542,142.606,2.8712,2.871273271978115,7.327197811513031e-05,0.070542
0.070542,144.703,2.8696,2.870011352622638,0.00041135262263791716,0.070542
0.070542,146.801,2.8687,2.8687720389202727,7.203892027263237e-05,0.070542
0.070542,148.898,2.8676,2.8675557635523163,-4.42364476835877e-05,0.070542
0.070542,150.995,2.8666,2.8663612161661614,-0.00023878383383868496,0.070542
0.070542,153.092,2.865,2.8651877148355624,0.000187714835562236,0.070542
0.070542,155.189,2.8638,2.8640346080060057,0.00023460800600583198,0.070542
0.070542,157.286,2.8628,2.8629012727532115,0.00010127275321147877,0.070542
0.070542,159.384,2.8619,2.861786586334627,-0.00011341366537287456,0.070542
0.070542,161.481,2.8607,2.860691040735506,-8.95926449384632e-06,0.070542
0.070542,163.578,2.8595,2.8596135538163345,0.00011355381633437744,0.070542
0.070542,165.675,2.8586,2.8585536020566717,-4.639794332828018e-05,0.070542
0.070542,167.772,2.8575,2.8575106834958874,1.0683495887509054e-05,0.070542
0.070542,169.869,2.8566,2.8564843165889275,-0.00011568341107226487,0.070542
0.070542,171.966,2.8553,2.855474039136076,0.00017403913607560995,0.070542
0.070542,174.064,2.8544,2.8544789366330376,7.893663303759624e-05,0.070542
0.070542,176.161,2.8534,2.8534995310830764,9.953108307625413e-05,0.070542
0.070542,178.258,2.8522,2.8525349345613713,0.00033493456137145827,0.070542
0.070542,180.355,2.8516,2.8515847528476357,-1.5247152364228356e-05,0.070542
0.070542,182.452,2.8506,2.850648606644727,4.860664472694509e-05,0.070542
0.070542,184.549,2.8497,2.8497261308499042,2.613084990432668e-05,0.070542
0.070542,186.647,2.8487,2.8488165434410515,0.00011654344105149761,0.070542
0.070542,188.744,2.8476,2.8479203726564553,0.00032037265645534774,0.070542
0.070542,190.841,2.8469,2.8470368553309195,0.00013685533091933877,0.070542
0.070542,192.938,2.8461,2.8461656766812626,6.567668126278292e-05,0.070542
0.070542,195.035,2.8451,2.845306533068548,0.00020653306854789832,0.070542
0.070542,197.132,2.8444,2.8444591314887484,5.91314887485872e-05,0.070542
0.070542,199.229,2.8436,2.843623189091824,2.3189091824082908e-05,0.070542
0.070542,201.327,2.8431,2.842798042050452,-0.00030195794954801514,0.070542
0.070542,203.424,2.842,2.8419842129850137,-1.5787014986390346e-05,0.070542
0.070542,205.521,2.8412,2.8411810509354964,-1.894906450372602e-05,0.070542
0.070542,207.618,2.8403,2.8403883093684126,8.830936841253134e-05,0.070542
0.070542,209.715,2.8392,2.839605749865081,0.0004057498650809066,0.070542
0.070542,211.812,2.8388,2.838833141776546,3.314177654623052e-05,0.070542
0.070542,213.91,2.838,2.838069900386594,6.990038659404618e-05,0.070542
0.070542,216.007,2.8377,2.8373165371263656,-0.0003834628736343326,0.070542
0.070542,218.104,2.8365,2.8365724766657996,7.247666579957013e-05,0.070542
0.070542,220.201,2.8358,2.835837516329613,3.7516329613129784e-05,0.070542
0.070542,222.298,2.8351,2.835111459734784,1.1459734783780817e-05,0.070542
0.070542,224.395,2.8341,2.8343941165380335,0.0002941165380336841,0.070542
0.070542,226.492,2.8338,2.8336853021956894,-0.00011469780431072607,0.070542
0.070542,228.59,2.8331,2.8329845056675627,-0.00011549433243729368,0.070542
0.070542,230.687,2.8324,2.8322922213285557,-0.00010777867144406983,0.070542
0.070542,232.784,2.8314,2.831607944701166,0.00020794470116625163,0.070542
0.070542,234.881,2.8311,2.830931512264747,-0.00016848773525302008,0.070542
0.070542,236.978,2.83,2.830262765259816,0.00026276525981572263,0.070542
0.070542,239.075,2.8297,2.8296015495087516,-9.845049124823646e-05,0.070542
0.070542,241.172,2.8293,2.8289477152447478,-0.0003522847552521746,0.070542
0.070542,243.27,2.8281,2.828300810307611,0.0002008103076107659,0.070542
0.070542,245.367,2.8275,2.827661309901843,0.00016130990184271,0.070542
0.070542,247.464,2.827,2.8270287664871256,2.8766487125686524e-05,0.070542
0.070542,249.561,2.8263,2.8264030463812504,0.00010304638125058219,0.070542
0.070542,251.658,2.8255,2.825784019566635,0.00028401956663515193,0.070542
0.070542,253.755,2.8251,2.825171559560321,7.15595603208996e-05,0.070542
0.070542,255.853,2.8243,2.824565255815563,0.0002652558155631368,0.070542
0.070542,257.95,2.824,2.823965566486689,-3.443351331089417e-05,0.070542
0.070542,260.047,2.8232,2.823372084453036,0.00017208445303618092,0.070542
0.070542,262.144,2.823,2.82278469618019,-0.0002153038198100532,0.070542
0.070542,264.241,2.822,2.8222032910974146,0.00020329109741457074,0.070542
0.070542,266.338,2.8215,2.8216277614974983,0.00012776149749837984,0.070542
0.070542,268.435,2.8212,2.821058002440743,-0.0001419975592571454,0.070542
0.070542,270.533,2.8202,2.8204936440001633,0.00029364400016351766,0.070542
0.070542,272.63,2.8199,2.8199351244562196,3.512445621955962e-05,0.070542
0.070542,274.727,2.8196,2.8193820762935293,-0.00021792370647055748,0.070542
0.070542,276.824,2.8185,2.818834404759482,0.00033440475948243176,0.070542
0.070542,278.921,2.8183,2.8182920174443336,-7.982555666252722e-06,0.070542
0.070542,281.018,2.8178,2.8177548242061787,-4.5175793821350396e-05,0.070542
0.070542,283.116,2.8173,2.8172224845659026,-7.751543409728612e-05,0.070542
0.070542,285.213,2.8164,2.816695420143661,0.00029542014366112923,0.070542
0.070542,287.31,2.8159,2.816173292233322,0.0002732922333219534,0.070542
0.070542,289.407,2.8157,2.815656019071845,-4.398092815494081e-05,0.070542
0.070542,291.504,2.8152,2.8151435208303774,-5.6479169622480896e-05,0.070542
0.070542,293.601,2.8146,2.814635719554975,3.5719554975166545e-05,0.070542
0.070542,295.698,2.8142,2.8141325391095515,-6.746089044851189e-05,0.070542
0.070542,297.796,2.8135,2.813633668409431,0.00013366840943129787,0.070542
0.070542,299.893,2.8131,2.813139510330891,3.9510330891001644e-05,0.070542
0.162405,0.134,4.5235,4.523310694100207,-0.0001893058997932684,0.162405
0.162405,0.268,4.1397,4.139446782341644,-0.00025321765835606413,0.162405
0.162405,0.537,3.8226,3.822503705065472,-9.62949345280073e-05,0.162405
0.162405,1.074,3.5629,3.5622209780393446,-0.0006790219606553904,0.162405
0.162405,2.097,3.3548,3.354594000585689,-0.0002059994143110977,0.162405
0.162405,4.194,3.1771,3.1768230585905033,-0.0002769414094965228,0.162405
0.162405,6.291,3.0883,3.087744677890779,-0.0005553221092209348,0.162405
0.162405,8.389,3.0304,3.0303776494729693,-2.2350527030923217e-05,0.162405
0.162405,10.486,2.9888,2.9889767989132516,0.00017679891325173003,0.162405
0.162405,12.583,2.9568,2.957016700047836,0.00021670004783613805,0.162405
0.162405,14.68,2.9311,2.9312380376058313,0.00013803760583153135,0.162405
0.162405,16.777,2.9098,2.909788822983346,-1.117701665398485e-05,0.162405
0.162405,18.874,2.8916,2.891523153562599,-7.684643740102359e-05,0.162405
0.162405,20.972,2.8757,2.8756792535139986,-2.0746486001588238e-05,0.162405
0.162405,23.069,2.8619,2.861750619274518,-0.0001493807254817625,0.162405
0.162405,25.166,2.8494,2.8493550386276993,-4.496137230081132e-05,0.162405
0.162405,27.263,2.8385,2.838215636878773,-0.000284363121226594,0.162405
0.162405,29.36,2.8281,2.828122217901384,2.2217901384014027e-05,0.162405
0.162405,31.457,2.8195,2.8189117381944535,-0.0005882618055466082,0.162405
0.162405,33.554,2.8106,2.8104553847278595,-0.0001446152721404914,0.162405
0.162405,35.652,2.8025,2.802646178422645,0.00014617842264463832,0.162405
0.162405,37.749,2.7952,2.7954073779182935,0.0002073779182936164,0.162405
0.162405,39.846,2.7888,2.7886657827040753,-0.00013421729592488774,0.162405
0.162405,41.943,2.7823,2.782363648103288,6.364810328784998e-05,0.162405
0.162405,44.04,2.7766,2.7764524110099646,-0.00014758899003552983,0.162405
0.162405,46.137,2.771,2.7708908727349555,-0.0001091272650444175,0.162405
0.162405,48.234,2.7656,2.7656438059606514,4.380596065134412e-05,0.162405
0.162405,50.332,2.7605,2.7606785698165703,0.00017856981657038418,0.162405
0.162405,52.429,2.7557,2.7559735902752913,0.00027359027529128,0.162405
0.162405,54.526,2.7514,2.7515035041642903,0.00010350416429050213,0.162405
0.162405,56.623,2.7474,2.747248204601211,-0.0001517953987888454,0.162405
0.162405,58.72,2.7432,2.7431899713677517,-1.0028632248193503e-05,0.162405
0.162405,60.817,2.7391,2.739313114126967,0.0002131141269670067,0.162405
0.162405,62.915,2.7356,2.735601948199326,1.9481993263070763e-06,0.162405
0.162405,65.012,2.7321,2.732047547131909,-5.245286809119065e-05,0.162405
0.162405,67.109,2.7285,2.728636935955153,0.00013693595515329449,0.162405
0.162405,69.206,2.7254,2.725360069836298,-3.9930163702184274e-05,0.162405
0.162405,71.303,2.7222,2.7222078834744723,7.883474472336616e-06,0.162405
0.162405,73.4,2.719,2.719172170050441,0.0001721700504413448,0.162405
0.162405,75.497,2.7163,2.7162454781139047,-5.452188609522679e-05,0.162405
0.162405,77.595,2.7135,2.7134196998120723,-8.03001879274845e-05,0.162405
0.162405,79.692,2.7109,2.7106913335144998,-0.00020866648550033062,0.162405
0.162405,81.789,2.7082,2.7080533413731467,-0.00014665862685347975,0.162405
0.162405,83.886,2.7053,2.705500525245348,0.00020052524534808214,0.162405
0.162405,85.983,2.7029,2.7030281065475106,0.0001281065475104981,0.162405
0.162405,88.08,2.7007,2.7006316831261863,-6.831687381358975e-05,0.162405
0.162405,90.178,2.6984,2.6983060995361363,-9.39004638635943e-05,0.162405
0.162405,92.275,2.6961,2.696049813220815,-5.0186779184890895e-05,0.162405
0.162405,94.372,2.6945,2.693858217046097,-0.0006417829539029363,0.162405
0.162405,96.469,2.6918,2.691728079426796,-7.192057320404288e-05,0.162405
0.162405,98.566,2.6898,2.689656396045493,-0.0001436039545068546,0.162405
0.162405,100.663,2.6878,2.687640369433678,-0.00015963056632228856,0.162405
0.162405,102.76,2.6858,2.685677390769585,-0.00012260923041518268,0.162405
0.162405,104.858,2.6837,2.6837641233633818,6.412336338179614e-05,0.162405
0.162405,106.955,2.682,2.6819001116113657,-9.988838863428384e-05,0.162405
0.162405,109.052,2.68,2.680082297852085,8.229785208468954e-05,0.162405
0.162405,111.149,2.6783,2.6783086812102224,8.681210222238889e-06,0.162405
0.162405,113.246,2.6765,2.6765773831590556,7.738315905569948e-05,0.162405
0.162405,115.343,2.6749,2.67488663793665,-1.3362063350008668e-05,0.162405
0.162405,117.441,2.6736,2.673234005173856,-0.0003659948261440782,0.162405
0.162405,119.538,2.6713,2.6716194942599802,0.0003194942599802353,0.162405
0.162405,121.635,2.6702,2.6700408320059537,-0.00015916799404624982,0.162405
0.162405,123.732,2.6683,2.668496624660684,0.00019662466068393059,0.162405
0.162405,125.829,2.6669,2.666985555122195,8.555512219476924e-05,0.162405
0.162405,127.926,2.6657,2.6655063775277417,-0.00019362247225851448,0.162405
0.162405,130.023,2.6641,2.664057912307331,-4.208769266877965e-05,0.162405
0.162405,132.121,2.6625,2.6626383719238307,0.0001383719238305936,0.162405
0.162405,134.218,2.6611,2.6612480490037216,0.0001480490037217841,0.162405
0.162405,136.315,2.66,2.6598852535837465,-0.00011474641625364157,0.162405
0.162405,138.412,2.6584,2.658549029572348,0.00014902957234808056,0.162405
0.162405,140.509,2.6573,2.6572384679342584,-6.153206574177617e-05,0.162405
0.162405,142.606,2.656,2.6559527037130386,-4.729628696154009e-05,0.162405
0.162405,144.703,2.6546,2.654690913282643,9.091328264299037e-05,0.162405
0.162405,146.801,2.6538,2.6534517265646254,-0.0003482734353745798,0.162405
0.162405,148.898,2.6523,2.6522355761771967,-6.442382280313907e-05,0.162405
0.162405,150.995,2.6507,2.651041151884246,0.0003411518842457717,0.162405
0.162405,153.092,2.6499,2.6498677718127173,-3.2228187282878906e-05,0.162405
0.162405,155.189,2.6486,2.648714784459104,0.00011478445910384494,0.162405
0.162405,157.286,2.6477,2.647581566948067,-0.00011843305193304232,0.162405
0.162405,159.384,2.6464,2.6464669966389853,6.699663898546149e-05,0.162405
0.162405,161.481,2.6454,2.645371565451574,-2.8434548426048423e-05,0.162405
0.162405,163.578,2.6444,2.6442941913454296,-0.00010580865457043842,0.162405
0.162405,165.675,2.6434,2.643234350841812,-0.0001656491581880637,0.162405
0.162405,167.772,2.642,2.642191542020208,0.00019154202020787992,0.162405
0.162405,169.869,2.6411,2.6411652833741703,6.528337417055496e-05,0.162405
0.162405,171.966,2.6401,2.6401551127411604,5.511274116054565e-05,0.162405
0.162405,174.064,2.6391,2.639160115702637,6.01157026371979e-05,0.162405
0.162405,176.161,2.6385,2.6381808141958545,-0.00031918580414558306,0.162405
0.162405,178.258,2.6373,2.637216320379873,-8.367962012734154e-05,0.162405
0.162405,180.355,2.6361,2.6362662400665067,0.00016624006650678425,0.162405
0.162405,182.452,2.6355,2.6353301939895912,-0.000169806010408724,0.162405
0.162405,184.549,2.6347,2.6344078170762915,-0.0002921829237085838,0.162405
0.162405,186.647,2.6337,2.6334983273796615,-0.0002016726203386554,0.162405
0.162405,188.744,2.6324,2.632602253072756,0.000202253072755898,0.162405
0.162405,190.841,2.6317,2.6317188310642092,1.8831064209301474e-05,0.162405
0.162405,192.938,2.6311,2.6308477465969156,-0.0002522534030844348,0.162405
0.162405,195.035,2.6299,2.6299886960571603,8.869605716022022e-05,0.162405
0.162405,197.132,2.6292,2.62914138646532,-5.861353468006314e-05,0.162405
0.162405,199.229,2.6284,2.6283055349949747,-9.446500502541255e-05,0.162405
0.162405,201.327,2.6274,2.627480477884293,8.047788429266234e-05,0.162405
0.162405,203.424,2.6267,2.6266667376900843,-3.3262309915738086e-05,0.162405
0.162405,205.521,2.6254,2.6258636635169084,0.000463663516908408,0.162405
0.162405,207.618,2.6249,2.6250710088520774,0.0001710088520776587,0.162405
0.162405,209.715,2.6243,2.624288535297075,-1.1464702924790515e-05,0.162405
0.162405,211.812,2.6234,2.6235160122225016,0.00011601222250146037,0.162405
0.162405,213.91,2.623,2.622752854971002,-0.00024714502899803037,0.162405
0.162405,216.007,2.6218,2.6219995749119236,0.00019957491192368337,0.162405
0.162405,218.104,2.6212,2.6212555967733953,5.559677339528335e-05,0.162405
0.162405,220.201,2.6206,2.6205207178974796,-7.928210252039491e-05,0.162405
0.162405,222.298,2.62,2.619794741918004,-0.00020525808199600704,0.162405
0.162405,224.395,2.6189,2.619077478508057,0.00017747850805704957,0.162405
0.162405,226.492,2.6186,2.61836874313987,-0.00023125686012992475,0.162405
0.162405,228.59,2.6177,2.6176680248258046,-3.197517419550877e-05,0.162405
0.162405,230.687,2.6169,2.616975817881238,7.581788123811606e-05,0.162405
0.162405,232.784,2.6164,2.6162916178807523,-0.00010838211924779628,0.162405
0.162405,234.881,2.6157,2.6156152613179153,-8.473868208458413e-05,0.162405
0.162405,236.978,2.6149,2.614946589447077,4.658944707713886e-05,0.162405
0.162405,239.075,2.6143,2.6142854481040776,-1.4551895922476632e-05,0.162405
0.162405,241.172,2.6136,2.613631687535212,3.168753521221035e-05,0.162405
0.162405,243.27,2.613,2.61298485562769,-1.5144372309983112e-05,0.162405
0.162405,245.367,2.6125,2.612345427528823,-0.00015457247117689477,0.162405
0.162405,247.464,2.612,2.6117129557453693,-0.000287044254630775,0.162405
0.162405,249.561,2.6109,2.6110873066069114,0.0001873066069113527,0.162405
0.162405,251.658,2.6108,2.6104683501073573,-0.0003316498926424494,0.162405
0.162405,253.755,2.6096,2.609855959774948,0.000255959774948078,0.162405
0.162405,255.853,2.6092,2.6092497251066327,4.972510663270313e-05,0.162405
0.162405,257.95,2.6088,2.60865010420154,-0.00014989579845980927,0.162405
0.162405,260.047,2.6081,2.608056689982467,-4.331001753277164e-05,0.162405
0.162405,262.144,2.6074,2.6074693689251283,6.936892512809933e-05,0.162405
0.162405,264.241,2.6069,2.606888030468671,-1.196953132920342e-05,0.162405
0.162405,266.338,2.6063,2.6063125669155296,1.2566915529532707e-05,0.162405
0.162405,268.435,2.6057,2.60574287333542,4.287333542007943e-05,0.162405
0.162405,270.533,2.6053,2.6051785798413722,-0.00012142015862792732,0.162405
0.162405,272.63,2.6047,2.604620124660912,-7.987533908782041e-05,0.162405
0.162405,274.727,2.604,2.6040671403185103,6.714031851018376e-05,0.162405
0.162405,276.824,2.6037,2.6035195320701185,-0.00018046792988135607,0.162405
0.162405,278.921,2.603,2.602977207514356,-2.2792485644185234e-05,0.162405
0.162405,281.018,2.6026,2.6024400765174907,-0.00015992348250915,0.162405
0.162405,283.116,2.602,2.601907798637713,-9.220136228682563e-05,0.162405
0.162405,285.213,2.6013,2.601380795444112,8.07954441119918e-05,0.162405
0.162405,287.31,2.6008,2.600858728267748,5.872826774799833e-05,0.162405
0.162405,289.407,2.6005,2.600341515353044,-0.00015848464695578102,0.162405
0.162405,291.504,2.5999,2.5998290768784447,-7.092312155521086e-05,0.162405
0.162405,293.601,2.5993,2.599321334897145,2.1334897144953402e-05,0.162405
0.162405,295.698,2.5989,2.5988182132800417,-8.178671995828779e-05,0.162405
0.162405,297.796,2.5985,2.5983194009770187,-0.00018059902298128705,0.162405
0.162405,299.893,2.5978,2.597825300815371,2.5300815371220864e-05,0.162405
0.409009,0.134,4.3461,4.346394174789669,0.0002941747896691993,0.409009
0.409009,0.268,3.9625,3.962517736155867,1.7736155867087433e-05,0.409009
0.409009,0.537,3.6458,3.645565197778218,-0.00023480222178173804,0.409009
0.409009,1.074,3.3856,3.385275425393005,-0.00032457460699530927,0.409009
0.409009,2.097,3.1777,3.1776433955041714,-5.6604495828782575e-05,0.409009
0.409009,4.194,2.9999,2.9998686125172003,-3.138748279951642e-05,0.409009
0.409009,6.291,2.9109,2.9107885059620715,-0.00011149403792831691,0.409009
0.409009,8.389,2.8533,2.8534204462453463,0.00012044624534635062,0.409009
0.409009,10.486,2.8125,2.812018893944809,-0.00048110605519102734,0.409009
0.409009,12.583,2.7799,2.7800582793826822,0.00015827938268220265,0.409009
0.409009,14.68,2.754,2.7542792183945184,0.0002792183945183879,0.409009
0.409009,16.777,2.733,2.73282968454113,-0.0001703154588699185,0.409009
0.409009,18.874,2.7147,2.714563752478766,-0.00013624752123408967,0.409009
0.409009,20.972,2.6988,2.698719631703586,-8.036829641389076e-05,0.409009
0.409009,23.069,2.6849,2.6847908090263415,-0.00010919097365835739,0.409009
0.409009,25.166,2.6724,2.6723950652138906,-4.934786109522804e-06,0.409009
0.409009,27.263,2.6611,2.661255520565943,0.00015552056594314578,0.409009
0.409009,29.36,2.6512,2.6511619752272857,-3.8024772714084776e-05,0.409009
0.409009,31.457,2.6418,2.641951382855341,0.00015138285534099793,0.409009
0.409009,33.554,2.6336,2.633494928212314,-0.00010507178768603964,0.409009
0.409009,35.652,2.6256,2.6256856304335225,8.56304335226099e-05,0.409009
0.409009,37.749,2.6183,2.6184467468467885,0.00014674684678839256,0.409009
0.409009,39.846,2.6116,2.611705075760027,0.00010507576002671826,0.409009
0.409009,41.943,2.6055,2.605402871563682,-9.712843631826118e-05,0.409009
0.409009,44.04,2.5994,2.599491570377564,9.15703775636878e-05,0.409009
0.409009,46.137,2.5938,2.5939299728640073,0.00012997286400739938,0.409009
0.409009,48.234,2.5887,2.588682851157639,-1.7148842360814598e-05,0.409009
0.409009,50.332,2.5837,2.583717563898281,1.7563898281114376e-05,0.409009
0.409009,52.429,2.5789,2.579012536707593,0.00011253670759314716,0.409009
0.409009,54.526,2.5745,2.5745424060432964,4.240604329641684e-05,0.409009
0.409009,56.623,2.5703,2.570287064724187,-1.29352758131418e-05,0.409009
0.409009,58.72,2.566,2.5662287922713287,0.00022879227132888147,0.409009
0.409009,60.817,2.5621,2.562351898119335,0.00025189811933490347,0.409009
0.409009,62.915,2.5585,2.558640697371397,0.0001406973713971027,0.409009
0.409009,65.012,2.555,2.555086263429833,8.626342983264479e-05,0.409009
0.409009,67.109,2.5517,2.5516756211500553,-2.437884994455075e-05,0.409009
0.409009,69.206,2.5486,2.5483987255585374,-0.00020127444146256224,0.409009
0.409009,71.303,2.5454,2.5452465112285085,-0.0001534887714913502,0.409009
0.409009,73.4,2.5422,2.542210771227754,1.0771227754169388e-05,0.409009
0.409009,75.497,2.5393,2.5392840540042734,-1.5945995726518447e-05,0.409009
0.409009,77.595,2.5363,2.5364582516022445,0.0001582516022442526,0.409009
0.409009,79.692,2.5337,2.5337298623310414,2.9862331041297097e-05,0.409009
0.409009,81.789,2.531,2.53109184825541,9.184825540975439e-05,0.409009
0.409009,83.886,2.5286,2.528539011164027,-6.09888359730526e-05,0.409009
0.409009,85.983,2.5259,2.526066572410677,0.00016657241067674633,0.409009
0.409009,88.08,2.5237,2.5236701297846627,-2.987021533717993e-05,0.409009
0.409009,90.178,2.5215,2.521344527779704,-0.00015547222029610452,0.409009
0.409009,92.275,2.5191,2.5190882238086467,-1.1776191353174426e-05,0.409009
0.409009,94.372,2.5169,2.51689661068412,-3.389315879953614e-06,0.409009
0.409009,96.469,2.5148,2.5147664567801336,-3.354321986659414e-05,0.409009
0.409009,98.566,2.5126,2.512694757741602,9.475774160216943e-05,0.409009
0.409009,100.663,2.5107,2.5106787160651862,-2.1283934813709493e-05,0.409009
0.409009,102.76,2.5087,2.5087157228968633,1.5722896863135105e-05,0.409009
0.409009,104.858,2.5068,2.506802441510336,2.4415103356822954e-06,0.409009
0.409009,106.955,2.5048,2.5049384162874206,0.00013841628742072842,0.409009
0.409009,109.052,2.5031,2.503120589534018,2.0589534018178313e-05,0.409009
0.409009,111.149,2.5014,2.5013469603507184,-5.3039649281494405e-05,0.409009
0.409009,113.246,2.4998,2.4996156501883275,-0.00018434981167247955,0.409009
0.409009,115.343,2.498,2.497924893263919,-7.510673608113194e-05,0.409009
0.409009,117.441,2.4965,2.4962722491834093,-0.00022775081659087704,0.409009
0.409009,119.538,2.4946,2.4946577273285087,5.772732850850559e-05,0.409009
0.409009,121.635,2.4932,2.493079054487435,-0.00012094551256502939,0.409009
0.409009,123.732,2.4916,2.49153483689293,-6.51631070698322e-05,0.409009
0.409009,125.829,2.4903,2.490023757427834,-0.00027624257216585235,0.409009
0.409009,127.926,2.4884,2.4885445702151223,0.0001445702151223749,0.409009
0.409009,130.023,2.487,2.487096095671361,9.609567136070751e-05,0.409009
0.409009,132.121,2.4856,2.4856765462425088,7.654624250896802e-05,0.409009
0.409009,134.218,2.484,2.484286214551723,0.000286214551723063,0.409009
0.409009,136.315,2.4829,2.4829234106200975,2.3410620097585877e-05,0.409009
0.409009,138.412,2.4815,2.4815871783454257,8.717834542570913e-05,0.409009
0.409009,140.509,2.4803,2.4802766086823724,-2.339131762774116e-05,0.409009
0.409009,142.606,2.479,2.47899083666497,-9.163335029871433e-06,0.409009
0.409009,144.703,2.478,2.477729038658151,-0.0002709613418492296,0.409009
0.409009,146.801,2.4766,2.4764898445714536,-0.00011015542854631022,0.409009
0.409009,148.898,2.4752,2.475273687021999,7.368702199883614e-05,0.409009
0.409009,150.995,2.474,2.4740792557624163,7.925576241607502e-05,0.409009
0.409009,153.092,2.473,2.472905868912336,-9.413108766365141e-05,0.409009
0.409009,155.189,2.4716,2.4717528749613016,0.00015287496130156342,0.409009
0.409009,157.286,2.4708,2.470619651027363,-0.00018034897263730088,0.409009
0.409009,159.384,2.4696,2.469505074460663,-9.492553933698744e-05,0.409009
0.409009,161.481,2.4683,2.4684096371808875,0.0001096371808873009,0.409009
0.409009,163.578,2.4671,2.4673322571389016,0.00023225713890173694,0.409009
0.409009,165.675,2.4664,2.4662724108505203,-0.00012758914947985645,0.409009
0.409009,167.772,2.4652,2.465229596390034,2.9596390034303255e-05,0.409009
0.409009,169.869,2.4644,2.4642033322460386,-0.00019666775396132152,0.409009
0.409009,171.966,2.463,2.463193156251258,0.00019315625125804203,0.409009
0.409009,174.064,2.4621,2.4621981539801605,9.815398016055354e-05,0.409009
0.409009,176.161,2.4612,2.4612188473706595,1.8847370659713647e-05,0.409009
0.409009,178.258,2.4603,2.4602543485751487,-4.5651424851467226e-05,0.409009
0.409009,180.355,2.4592,2.4593042634014792,0.00010426340147917657,0.409009
0.409009,182.452,2.4584,2.458368212579692,-3.1787420307960446e-05,0.409009
0.409009,184.549,2.4573,2.457445831033314,0.00014583103331400338,0.409009
0.409009,186.647,2.4565,2.4565363368097834,3.6336809783321655e-05,0.409009
0.409009,188.744,2.4557,2.4556402580831245,-5.974191687574404e-05,0.409009
0.409009,190.841,2.4548,2.4547568317565824,-4.316824341765724e-05,0.409009
0.409009,192.938,2.454,2.453885743069974,-0.00011425693002609094,0.409009
0.409009,195.035,2.4529,2.453026688406628,0.00012668840662799496,0.409009
0.409009,197.132,2.452,2.452179374784081,0.0001793747840812543,0.409009
0.409009,199.229,2.4515,2.4513435193731854,-0.00015648062681439256,0.409009
0.409009,201.327,2.4506,2.450518458407668,-8.154159233209057e-05,0.409009
0.409009,203.424,2.4496,2.4497047144454904,0.00010471444549020603,0.409009
0.409009,205.521,2.4491,2.4489016365869256,-0.00019836341307444272,0.409009
0.409009,207.618,2.4481,2.448108978316948,8.97831694768314e-06,0.409009
0.409009,209.715,2.4475,2.4473265012347913,-0.00017349876520844632,0.409009
0.409009,211.812,2.4466,2.446553974708888,-4.602529111208398e-05,0.409009
0.409009,213.91,2.446,2.445790814078201,-0.00020918592179919315,0.409009
0.409009,216.007,2.4452,2.445037530713285,-0.00016246928671481697,0.409009
0.409009,218.104,2.4443,2.4442935493386986,-6.450661301560245e-06,0.409009
0.409009,220.201,2.4437,2.4435586672946323,-0.00014133270536786924,0.409009
0.409009,222.298,2.4429,2.4428326882131066,-6.731178689323158e-05,0.409009
0.409009,224.395,2.4423,2.442115421765465,-0.0001845782345348823,0.409009
0.409009,226.492,2.4413,2.4414066834222554,0.00010668342225539362,0.409009
0.409009,228.59,2.4408,2.440705962192838,-9.40378071616621e-05,0.409009
0.409009,230.687,2.4401,2.440013752393796,-8.624760620401517e-05,0.409009
0.409009,232.784,2.4391,2.4393295495967897,0.00022954959678989084,0.409009
0.409009,234.881,2.4385,2.438653190293919,0.00015319029391891448,0.409009
0.409009,236.978,2.4377,2.4379845157381137,0.000284515738113722,0.409009
0.409009,239.075,2.4373,2.437323371763841,2.337176384115125e-05,0.409009
0.409009,241.172,2.4368,2.436669608616068,-0.00013039138393189376,0.409009
0.409009,243.27,2.4362,2.4360227741795244,-0.00017722582047552393,0.409009
0.409009,245.367,2.4354,2.4353833436026875,-1.665639731252e-05,0.409009
0.409009,247.464,2.4349,2.434750869389894,-0.00014913061010579653,0.409009
0.409009,249.561,2.434,2.4341252178695587,0.00012521786955854708,0.409009
0.409009,251.658,2.4333,2.433506259034458,0.0002062590344578119,0.409009
0.409009,253.755,2.4329,2.4328938664117374,-6.133588262624556e-06,0.409009
0.409009,255.853,2.4323,2.4322876294962237,-1.2370503776448771e-05,0.409009
0.409009,257.95,2.4317,2.4316880063881574,-1.1993611842786578e-05,0.409009
0.409009,260.047,2.4309,2.431094590008255,0.0001945900082551688,0.409009
0.409009,262.144,2.4305,2.430507266831263,7.266831262953133e-06,0.409009
0.409009,264.241,2.4298,2.429925926295388,0.0001259262953876572,0.409009
0.409009,266.338,2.4294,2.4293504607021528,-4.9539297847012165e-05,0.409009
0.409009,268.435,2.4288,2.428780765120389,-1.923487961086323e-05,0.409009
0.409009,270.533,2.4281,2.4282164696613373,0.00011646966133715964,0.409009
0.409009,272.63,2.4276,2.4276580125535636,5.801255356363555e-05,0.409009
0.409009,274.727,2.427,2.427105026319783,0.0001050263197828194,0.409009
0.409009,276.824,2.4266,2.4265574162151577,-4.258378484234271e-05,0.409009
0.409009,278.921,2.4261,2.4260150898375437,-8.491016245626426e-05,0.409009
0.409009,281.018,2.4254,2.425477957052464,7.795705246405049e-05,0.409009
0.409009,283.116,2.425,2.4249456774165568,-5.4322583443067174e-05,0.409009
0.409009,285.213,2.4244,2.424418672499883,1.8672499883187754e-05,0.409009
0.409009,287.31,2.4238,2.4238966036319747,9.660363197472321e-05,0.409009
0.409009,289.407,2.4234,2.4233793890565885,-2.0610943411547566e-05,0.409009
0.409009,291.504,2.4228,2.422866948951524,6.694895152392633e-05,0.409009
0.409009,293.601,2.4223,2.4223592053693466,5.920536934667098e-05,0.409009
0.409009,295.698,2.4217,2.4218560821803408,0.00015608218034079968,0.409009
0.409009,297.796,2.4216,2.421357268333064,-0.00024273166693600245,0.409009
0.409009,299.893,2.4209,2.4208631666557046,-3.6833344295494896e-05,0.409009
1.040867,0.134,4.2153,4.215953992899847,0.0006539928998465783,1.040867
1.040867,0.268,3.8315,3.83205336492121,0.0005533649212097203,1.040867
1.040867,0.537,3.5146,3.515083231675143,0.0004832316751426369,1.040867
1.040867,1.074,3.2545,3.2547809626092334,0.00028096260923327065,1.040867
1.040867,2.097,3.0476,3.0471404943355944,-0.0004595056644056683,1.040867
1.040867,4.194,2.8697,2.8693597935816992,-0.00034020641830068143,1.040867
1.040867,6.291,2.7802,2.7802772576476205,7.725764762067655e-05,1.040867
1.040867,8.389,2.723,2.722907849487938,-9.215051206190594e-05,1.040867
1.040867,10.486,2.6816,2.6815054386866493,-9.456131335072726e-05,1.040867
1.040867,12.583,2.6501,2.649544231542187,-0.0005557684578132438,1.040867
1.040867,14.68,2.6239,2.6237647395123846,-0.0001352604876152519,1.040867
1.040867,16.777,2.6023,2.6023148803831946,1.4880383194526559e-05,1.040867
1.040867,18.874,2.5839,2.584048696145301,0.00014869614530121922,1.040867
1.040867,20.972,2.5679,2.568204375748155,0.0003043757481551168,1.040867
1.040867,23.069,2.5543,2.5542753926932638,-2.460730673625733e-05,1.040867
1.040867,25.166,2.5417,2.5418795183709775,0.00017951837097740508,1.040867
1.040867,27.263,2.5305,2.5307398664972243,0.00023986649722429476,1.040867
1.040867,29.36,2.5205,2.520646232410493,0.00014623241049260827,1.040867
1.040867,31.457,2.5113,2.5114355661772345,0.00013556617723464726,1.040867
1.040867,33.554,2.5032,2.502979049823044,-0.00022095017695589192,1.040867
1.040867,35.652,2.4953,2.495169700339189,-0.00013029966081079536,1.040867
1.040867,37.749,2.4879,2.487930773432776,3.0773432776243226e-05,1.040867
1.040867,39.846,2.4814,2.4811890660539007,-0.0002109339460991677,1.040867
1.040867,41.943,2.4749,2.4748868315193713,-1.3168480628600321e-05,1.040867
1.040867,44.04,2.4688,2.4689755050738444,0.00017550507384456182,1.040867
1.040867,46.137,2.4636,2.463413886659587,-0.00018611334041285232,1.040867
1.040867,48.234,2.4582,2.4581667478137366,-3.325218626359927e-05,1.040867
1.040867,50.332,2.453,2.4532014466706116,0.00020144667061172683,1.040867
1.040867,52.429,2.4485,2.448496408444295,-3.591555705284577e-06,1.040867
1.040867,54.526,2.4439,2.4440262692287056,0.00012626922870540014,1.040867
1.040867,56.623,2.4396,2.4397709215388157,0.00017092153881570482,1.040867
1.040867,58.72,2.4358,2.435712644635316,-8.73553646840719e-05,1.040867
1.040867,60.817,2.4321,2.431835747728568,-0.0002642522714322304,1.040867
1.040867,62.915,2.4279,2.4281245457274663,0.0002245457274661078,1.040867
1.040867,65.012,2.4246,2.42457011186686,-2.9888133139976958e-05,1.040867
1.040867,67.109,2.4211,2.421159470854143,5.9470854143039986e-05,1.040867
1.040867,69.206,2.4178,2.4178825775869988,8.257758699858897e-05,1.040867
1.040867,71.303,2.4146,2.414730366525495,0.0001303665254948072,1.040867
1.040867,73.4,2.4116,2.411694630637665,9.463063766501634e-05,1.040867
1.040867,75.497,2.4088,2.4087679182833077,-3.2081716692111684e-05,1.040867
1.040867,77.595,2.4058,2.4059421214311936,0.00014212143119340936,1.040867
1.040867,79.692,2.4032,2.4032137383158516,1.3738315851608007e-05,1.040867
1.040867,81.789,2.4006,2.4005757309425535,-2.4269057446346665e-05,1.040867
1.040867,83.886,2.398,2.3980229010446203,2.2901044620216027e-05,1.040867
1.040867,85.983,2.3954,2.395550469926274,0.00015046992627398836,1.040867
1.040867,88.08,2.3931,2.39315403533235,5.4035332349933185e-05,1.040867
1.040867,90.178,2.3909,2.390828441720674,-7.155827932558978e-05,1.040867
1.040867,92.275,2.3886,2.3885721464600755,-2.785353992429407e-05,1.040867
1.040867,94.372,2.3863,2.3863805423346234,8.054233462351235e-05,1.040867
1.040867,96.469,2.3842,2.384250397688977,5.039768897718844e-05,1.040867
1.040867,98.566,2.3822,2.3821787081414874,-2.1291858512739736e-05,1.040867
1.040867,100.663,2.38,2.380162676164739,0.00016267616473930602,1.040867
1.040867,102.76,2.3782,2.3781996928828555,-3.0711714460451844e-07,1.040867
1.040867,104.858,2.3762,2.37628642155451,8.642155450999667e-05,1.040867
1.040867,106.955,2.3745,2.374422406533854,-7.759346614566454e-05,1.040867
1.040867,109.052,2.3725,2.372604590115083,0.00010459011508290317,1.040867
1.040867,111.149,2.3706,2.3708309713837767,0.00023097138377670134,1.040867
1.040867,113.246,2.3689,2.3690996717770387,0.00019967177703872352,1.040867
1.040867,115.343,2.3674,2.367408925499424,8.92549942399512e-06,1.040867
1.040867,117.441,2.3658,2.3657562921505315,-4.3707849468610505e-05,1.040867
1.040867,119.538,2.364,2.3641417810913596,0.00014178109135976058,1.040867
1.040867,121.635,2.3626,2.3625631191056278,-3.688089437225983e-05,1.040867
1.040867,123.732,2.3608,2.361018912417283,0.00021891241728333455,1.040867
1.040867,125.829,2.3595,2.359507843901099,7.843901098869566e-06,1.040867
1.040867,127.926,2.3579,2.3580286676726496,0.00012866767264974044,1.040867
1.040867,130.023,2.3565,2.356580204141707,8.020414170717416e-05,1.040867
1.040867,132.121,2.3552,2.3551606657532558,-3.933424674418262e-05,1.040867
1.040867,134.218,2.3537,2.353770345114192,7.034511419190537e-05,1.040867
1.040867,136.315,2.3524,2.3524075522455954,7.552245595565665e-06,1.040867
1.040867,138.412,2.3512,2.3510713310404148,-0.00012866895958518754,1.040867
1.040867,140.509,2.3497,2.349760772448859,6.0772448859047756e-05,1.040867
1.040867,142.606,2.3485,2.3484750115008626,-2.4988499137457154e-05,1.040867
1.040867,144.703,2.3471,2.3472132245575876,0.00011322455758744354,1.040867
1.040867,146.801,2.346,2.3459740415303747,-2.5958469625386726e-05,1.040867
1.040867,148.898,2.3449,2.3447578950226116,-0.0001421049773884242,1.040867
1.040867,150.995,2.3433,2.343563474789269,0.0002634747892686917,1.040867
1.040867,153.092,2.3423,2.342390098947282,9.009894728206902e-05,1.040867
1.040867,155.189,2.3413,2.3412371159837138,-6.28840162861799e-05,1.040867
1.040867,157.286,2.3401,2.3401039030143385,3.903014338391131e-06,1.040867
1.040867,159.384,2.339,2.338989337392418,-1.06626075817573e-05,1.040867
1.040867,161.481,2.3378,2.3378939110252843,9.391102528422124e-05,1.040867
1.040867,163.578,2.3368,2.3368165418672637,1.6541867263519805e-05,1.040867
1.040867,165.675,2.3357,2.3357567064325577,5.6706432557618314e-05,1.040867
1.040867,167.772,2.3348,2.3347139027939794,-8.609720602059667e-05,1.040867
1.040867,169.869,2.3337,2.3336876494387715,-1.2350561228391399e-05,1.040867
1.040867,171.966,2.3327,2.3326774841984244,-2.2515801575639927e-05,1.040867
1.040867,174.064,2.3316,2.3316824926513813,8.249265138138284e-05,1.040867
1.040867,176.161,2.3306,2.330703196724306,0.00010319672430592064,1.040867
1.040867,178.258,2.3297,2.3297387085737786,3.870857377874515e-05,1.040867
1.040867,180.355,2.3288,2.3287886340068047,-1.1365993195511237e-05,1.040867
1.040867,182.452,2.3278,2.327852593752657,5.259375265698196e-05,1.040867
1.040867,184.549,2.3269,2.3269302227341715,3.02227341713035e-05,1.040867
1.040867,186.647,2.3262,2.326020739003155,-0.00017926099684517638,1.040867
1.040867,188.744,2.3252,2.325124670723071,-7.532927692910363e-05,1.040867
1.040867,190.841,2.3242,2.3242412548016773,4.1254801677492736e-05,1.040867
1.040867,192.938,2.3235,2.3233701764783468,-0.00012982352165336053,1.040867
1.040867,195.035,2.3225,2.3225111321360186,1.1132136018776606e-05,1.040867
1.040867,197.132,2.3215,2.3216638287918863,0.0001638287918863668,1.040867
1.040867,199.229,2.3207,2.3208279836165033,0.00012798361650334655,1.040867
1.040867,201.327,2.3198,2.3200029328481904,0.00020293284819050683,1.040867
1.040867,203.424,2.3191,2.3191891990349704,8.919903497028869e-05,1.040867
1.040867,205.521,2.3184,2.3183861312818053,-1.3868718194753882e-05,1.040867
1.040867,207.618,2.3178,2.317593483073521,-0.00020651692647888353,1.040867
1.040867,209.715,2.3168,2.316811016009235,1.1016009234587898e-05,1.040867
1.040867,211.812,2.316,2.316038499457291,3.849945729106352e-05,1.040867
1.040867,213.91,2.3153,2.3152753487613156,-2.4651238684558763e-05,1.040867
1.040867,216.007,2.3143,2.314522075282357,0.00022207528235718144,1.040867
1.040867,218.104,2.3138,2.3137781037497067,-2.189625029336284e-05,1.040867
1.040867,220.201,2.3131,2.3130432315035647,-5.676849643521109e-05,1.040867
1.040867,222.298,2.3122,2.3123172621759798,0.00011726217597995969,1.040867
1.040867,224.395,2.3117,2.311600005438344,-9.999456165621368e-05,1.040867
1.040867,226.492,2.3109,2.3108912767612693,-8.723238730912186e-06,1.040867
1.040867,228.59,2.3101,2.3101905651587766,9.056515877681193e-05,1.040867
1.040867,230.687,2.3096,2.3094983649383676,-0.00010163506163252123,1.040867
1.040867,232.784,2.309,2.3088141716764112,-0.00018582832358893242,1.040867
1.040867,234.881,2.3081,2.3081378218651305,3.782186513046071e-05,1.040867
1.040867,236.978,2.3075,2.3074691567575907,-3.0843242409428484e-05,1.040867
1.040867,239.075,2.3068,2.306808022188404,8.022188404233077e-06,1.040867
1.040867,241.172,2.3061,2.306154268402693,5.4268402693402606e-05,1.040867
1.040867,243.27,2.3056,2.305507443289788,-9.255671021213274e-05,1.040867
1.040867,245.367,2.3048,2.3048680219894515,6.802198945132787e-05,1.040867
1.040867,247.464,2.3042,2.304235557010655,3.555701065538486e-05,1.040867
1.040867,249.561,2.3036,2.303609914682004,9.914682004286135e-06,1.040867
1.040867,251.658,2.303,2.302990964996471,-9.035003528889973e-06,1.040867
1.040867,253.755,2.3024,2.3023785814814026,-2.141851859738253e-05,1.040867
1.040867,255.853,2.3019,2.3017723536361476,-0.0001276463638522074,1.040867
1.040867,257.95,2.3011,2.3011727395525123,7.273955251241304e-05,1.040867
1.040867,260.047,2.3005,2.3005793321557637,7.933215576372277e-05,1.040867
1.040867,262.144,2.2999,2.2999920179208706,9.201792087054628e-05,1.040867
1.040867,264.241,2.2994,2.299410686286265,1.0686286265215728e-05,1.040867
1.040867,266.338,2.2989,2.298835229553699,-6.477044630104345e-05,1.040867
1.040867,268.435,2.2983,2.2982655427922367,-3.445720776307226e-05,1.040867
1.040867,270.533,2.2976,2.2977012561175307,0.0001012561175306459,1.040867
1.040867,272.63,2.2972,2.297142807750011,-5.719224998923522e-05,1.040867
1.040867,274.727,2.2967,2.2965898302168277,-0.00011016978317224257,1.040867
1.040867,276.824,2.2961,2.296042228773386,-5.777122661410061e-05,1.040867
1.040867,278.921,2.2957,2.2954999110177843,-0.00020008898221579585,1.040867
1.040867,281.018,2.2949,2.2949627868157907,6.278681579052758e-05,1.040867
1.040867,283.116,2.2943,2.2944305157283544,0.00013051572835465208,1.040867
1.040867,285.213,2.2937,2.2939035193176336,0.00020351931763373798,1.040867
1.040867,287.31,2.2935,2.2933814589174926,-0.00011854108250730633,1.040867
1.040867,289.407,2.2929,2.2928642527719356,-3.574722806432007e-05,1.040867
1.040867,291.504,2.2923,2.292351821059011,5.182105901102574e-05,1.040867
1.040867,293.601,2.2919,2.2918440858315328,-5.591416846728592e-05,1.040867
1.040867,295.698,2.2912,2.2913409709600345,0.0001409709600346254,1.040867
1.040867,297.796,2.2911,2.290842165397263,-0.0002578346027370948,1.040867
1.040867,299.893,2.2904,2.290348071963757,-5.1928036242987474e-05,1.040867
1.416184,0.134,4.1816,4.181090537376052,-0.0005094626239481315,1.416184
1.416184,0.268,3.7976,3.7972488937529683,-0.00035110624703182935,1.416184
1.416184,0.537,3.4805,3.480320022581909,-0.0001799774180910596,1.416184
1.416184,1.074,3.22,3.2200455287047873,4.5528704787134444e-05,1.416184
1.416184,2.097,3.0125,3.012422428347077,-7.757165292332502e-05,1.416184
1.416184,4.194,2.8347,2.8346525074678293,-4.749253217095628e-05,1.416184
1.416184,6.291,2.7458,2.7455736960922574,-0.00022630390774258657,1.416184
1.416184,8.389,2.6879,2.6882060103458616,0.00030601034586164033,1.416184
1.416184,10.486,2.6471,2.6468044838054317,-0.0002955161945683571,1.416184
1.416184,12.583,2.6148,2.614843739748981,4.3739748981419524e-05,1.416184
1.416184,14.68,2.589,2.5890644743825315,6.447438253154303e-05,1.416184
1.416184,16.777,2.5674,2.5676146994095226,0.00021469940952245636,1.416184
1.416184,18.874,2.5491,2.54934850915876,0.0002485091587600685,1.416184
1.416184,20.972,2.5336,2.533504123715653,-9.587628434681861e-05,1.416184
1.416184,23.069,2.5196,2.51957503618173,-2.4963818269885252e-05,1.416184
1.416184,25.166,2.507,2.507179030651134,0.00017903065113378247,1.416184
1.416184,27.263,2.4958,2.4960392293897566,0.00023922938975662333,1.416184
1.416184,29.36,2.4859,2.4859454336263562,4.5433626356228274e-05,1.416184
1.416184,31.457,2.4769,2.4767345975671287,-0.00016540243287144207,1.416184
1.416184,33.554,2.4682,2.4682779061939497,7.790619394976162e-05,1.416184
1.416184,35.652,2.4602,2.460468378550519,0.0002683785505190883,1.416184
1.416184,37.749,2.4532,2.4532292720750046,2.9272075004804776e-05,1.416184
1.416184,39.846,2.4464,2.4464873847799953,8.738477999514771e-05,1.416184
1.416184,41.943,2.4398,2.4401849708283225,0.0003849708283225617,1.416184
1.416184,44.04,2.4342,2.434273466089234,7.346608923386455e-05,1.416184
1.416184,46.137,2.4287,2.4287116709648595,1.1670964859433752e-05,1.416184
1.416184,48.234,2.4235,2.4234643573285615,-3.5642671438740336e-05,1.416184
1.416184,50.332,2.4187,2.4184988834756114,-0.00020111652438847827,1.416184
1.416184,52.429,2.4139,2.4137936749563824,-0.00010632504361751671,1.416184
1.416184,54.526,2.4093,2.4093233678991273,2.3367899127269e-05,1.416184
1.416184,56.623,2.4049,2.4050678548942868,0.00016785489428672307,1.416184
1.416184,58.72,2.4013,2.401009415245946,-0.0002905847540541906,1.416184
1.416184,60.817,2.3971,2.397132358183184,3.2358183184033606e-05,1.416184
1.416184,62.915,2.3934,2.3934209985401216,2.0998540121386355e-05,1.416184
1.416184,65.012,2.3898,2.38986640968709,6.640968708993e-05,1.416184
1.416184,67.109,2.3865,2.386455616229851,-4.4383770148925805e-05,1.416184
1.416184,69.206,2.3831,2.3831785730318322,7.85730318320077e-05,1.416184
1.416184,71.303,2.3799,2.380026214512588,0.00012621451258798544,1.416184
1.416184,73.4,2.3769,2.3769903335950473,9.033359504728722e-05,1.416184
1.416184,75.497,2.374,2.374063478590634,6.34785906337143e-05,1.416184
1.416184,77.595,2.3712,2.3712375413511384,3.754135113842594e-05,1.416184
1.416184,79.692,2.3684,2.3685090201928727,0.00010902019287284404,1.416184
1.416184,81.789,2.3659,2.365870877000844,-2.9122999155806184e-05,1.416184
1.416184,83.886,2.3633,2.3633179134553117,1.7913455311546755e-05,1.416184
1.416184,85.983,2.361,2.36084535080757,-0.0001546491924302451,1.416184
1.416184,88.08,2.3581,2.35844878674997,0.0003487867499702979,1.416184
1.416184,90.178,2.3562,2.356123065628229,-7.693437177103135e-05,1.416184
1.416184,92.275,2.354,2.3538666448817707,-0.00013335511822942792,1.416184
1.416184,94.372,2.3514,2.3516749171834754,0.0002749171834754982,1.416184
1.416184,96.469,2.3495,2.3495446508291677,4.4650829167824924e-05,1.416184
1.416184,98.566,2.3474,2.3474728413895396,7.284138953966846e-05,1.416184
1.416184,100.663,2.3453,2.345456691290737,0.00015669129073714316,1.416184
1.416184,102.76,2.3434,2.3434935916117006,9.359161170063857e-05,1.416184
1.416184,104.858,2.3414,2.341580205512875,0.00018020551287500908,1.416184
1.416184,106.955,2.3399,2.339716077415159,-0.00018392258484123403,1.416184
1.416184,109.052,2.338,2.3378981495162634,-0.00010185048373667627,1.416184
1.416184,111.149,2.3362,2.3361244208616387,-7.557913836109265e-05,1.416184
1.416184,113.246,2.3345,2.334393012849488,-0.00010698715051171703,1.416184
1.416184,115.343,2.3326,2.3327021596466744,0.00010215964667459332,1.416184
1.416184,117.441,2.331,2.3310494207663237,4.942076632374892e-05,1.416184
1.416184,119.538,2.3295,2.329434805634662,-6.51943653378062e-05,1.416184
1.416184,121.635,2.3277,2.3278560409505267,0.0001560409505265703,1.416184
1.416184,123.732,2.3264,2.326311732904713,-8.826709528708676e-05,1.416184
1.416184,125.829,2.3248,2.324800564339897,5.64339896591548e-07,1.416184
1.416184,127.926,2.3233,2.323321289340577,2.1289340576657878e-05,1.416184
1.416184,130.023,2.3219,2.3218727282864378,-2.727171356209368e-05,1.416184
1.416184,132.121,2.3205,2.3204530935476932,-4.6906452306760826e-05,1.416184
1.416184,134.218,2.319,2.3190626777948684,6.267779486845981e-05,1.416184
1.416184,136.315,2.3178,2.3176997909755133,-0.00010020902448681923,1.416184
1.416184,138.412,2.3162,2.316363476956117,0.0001634769561174032,1.416184
1.416184,140.509,2.3151,2.31505282666126,-4.71733387401585e-05,1.416184
1.416184,142.606,2.3138,2.313766975096046,-3.3024903954181895e-05,1.416184
1.416184,144.703,2.3125,2.312505098597578,5.098597577912756e-06,1.416184
1.416184,146.801,2.3113,2.311265827011913,-3.4172988087277645e-05,1.416184
1.416184,148.898,2.3099,2.3100495930042504,0.00014959300425054778,1.416184
1.416184,150.995,2.3089,2.3088550862651926,-4.491373480730587e-05,1.416184
1.416184,153.092,2.3077,2.3076816248904284,-1.8375109571699966e-05,1.416184
1.416184,155.189,2.3065,2.3065285573464145,2.8557346414270768e-05,1.416184
1.416184,157.286,2.3055,2.3053952607289343,-0.00010473927106557923,1.416184
1.416184,159.384,2.3042,2.304280612332615,8.06123326153596e-05,1.416184
1.416184,161.481,2.303,2.3031851041248674,0.00018510412486749672,1.416184
1.416184,163.578,2.3019,2.302107654002076,0.00020765400207611862,1.416184
1.416184,165.675,2.3011,2.301047738460705,-5.226153929482891e-05,1.416184
1.416184,167.772,2.2999,2.300004855556341,0.00010485555634076604,1.416184
1.416184,169.869,2.2991,2.2989785237594953,-0.00012147624050484751,1.416184
1.416184,171.966,2.2978,2.297968280885404,0.00016828088540377095,1.416184
1.416184,174.064,2.2971,2.2969732124602587,-0.00012678753974126877,1.416184
1.416184,176.161,2.296,2.2959938404686526,-6.159531347194047e-06,1.416184
1.416184,178.258,2.295,2.295029277015412,2.927701541199923e-05,1.416184
1.416184,180.355,2.294,2.29407912789303,7.912789302988443e-05,1.416184
1.416184,182.452,2.2932,2.2931430138166693,-5.698618333083161e-05,1.416184
1.416184,184.549,2.2922,2.2922205696954374,2.0569695437622215e-05,1.416184
1.416184,186.647,2.2914,2.2913110135334267,-8.89864665731821e-05,1.416184
1.416184,188.744,2.2904,2.290414873550146,1.4873550146177195e-05,1.416184
1.416184,190.841,2.2895,2.2895313866060096,3.1386606009764506e-05,1.416184
1.416184,192.938,2.2886,2.2886602379280747,6.023792807452466e-05,1.416184
1.416184,195.035,2.2878,2.2878011238872853,1.1238872854590909e-06,1.416184
1.416184,197.132,2.287,2.2869537514891536,-4.624851084633619e-05,1.416184
1.416184,199.229,2.286,2.286117837892854,0.00011783789285413349,1.416184
1.416184,201.327,2.2852,2.285292719293435,9.271929343501739e-05,1.416184
1.416184,203.424,2.2845,2.284478918292772,-2.1081707227921243e-05,1.416184
1.416184,205.521,2.2837,2.2836757839528166,-2.4216047183500677e-05,1.416184
1.416184,207.618,2.2829,2.2828830697481273,-1.6930251872881996e-05,1.416184
1.416184,209.715,2.2821,2.2821005372678087,5.372678089088367e-07,1.416184
1.416184,211.812,2.2814,2.2813279558704402,-7.204412955985617e-05,1.416184
1.416184,213.91,2.2805,2.2805647408596004,6.474085960039844e-05,1.416184
1.416184,216.007,2.2797,2.2798114036483517,0.00011140364835160455,1.416184
1.416184,218.104,2.2791,2.2790673689261287,-3.2631073871414173e-05,1.416184
1.416184,220.201,2.2782,2.2783324340242808,0.00013243402428075868,1.416184
1.416184,222.298,2.2776,2.2776064025662177,6.4025662176447895e-06,1.416184
1.416184,224.395,2.2767,2.276889084214895,0.00018908421489527427,1.416184
1.416184,226.492,2.2763,2.276180294432689,-0.00011970556731100146,1.416184
1.416184,228.59,2.2755,2.2754795221967923,-2.0477803207796796e-05,1.416184
1.416184,230.687,2.2748,2.274787261864646,-1.2738135354073421e-05,1.416184
1.416184,232.784,2.2742,2.274103008975922,-9.699102407800808e-05,1.416184
1.416184,234.881,2.2736,2.2734266000153407,-0.00017339998465937256,1.416184
1.416184,236.978,2.2728,2.2727578762286345,-4.212377136569856e-05,1.416184
1.416184,239.075,2.2719,2.272096683443248,0.00019668344324808018,1.416184
1.416184,241.172,2.2713,2.2714428718972974,0.0001428718972973364,1.416184
1.416184,243.27,2.2707,2.270795989446036,9.59894460357269e-05,1.416184
1.416184,245.367,2.2702,2.2701565112771833,-4.348872281667582e-05,1.416184
1.416184,247.464,2.2696,2.2695239898657213,-7.60101342787145e-05,1.416184
1.416184,249.561,2.2688,2.2688982915338434,9.829153384321998e-05,1.416184
1.416184,251.658,2.2683,2.268279286268249,-2.07137317511652e-05,1.416184
1.416184,253.755,2.2676,2.2676668475901476,6.6847590147745e-05,1.416184
1.416184,255.853,2.267,2.2670605649668665,6.056496686657198e-05,1.416184
1.416184,257.95,2.2663,2.26646089653655,0.000160896536549604,1.416184
1.416184,260.047,2.2658,2.2658674351925003,6.743519250029806e-05,1.416184
1.416184,262.144,2.2652,2.26528006740405,8.006740404997714e-05,1.416184
1.416184,264.241,2.2646,2.2646986826041133,9.868260411316498e-05,1.416184
1.416184,266.338,2.2642,2.264123173089035,-7.682691096499994e-05,1.416184
1.416184,268.435,2.2635,2.263553433922585,5.343392258483348e-05,1.416184
1.416184,270.533,2.2632,2.2629890951905045,-0.00021090480949537138,1.416184
1.416184,272.63,2.2625,2.262430595157764,-6.940484223605381e-05,1.416184
1.416184,274.727,2.2619,2.2618775663216333,-2.2433678366517995e-05,1.416184
1.416184,276.824,2.2613,2.261329913932637,2.9913932637182228e-05,1.416184
1.416184,278.921,2.2609,2.2607875455840887,-0.00011245441591123395,1.416184
1.416184,281.018,2.2602,2.2602503711370683,5.037113706807261e-05,1.416184
1.416184,283.116,2.2597,2.2597180501242113,1.805012421129959e-05,1.416184
1.416184,285.213,2.2594,2.25919100415076,-0.0002089958492397237,1.416184
1.416184,287.31,2.2587,2.2586688945222786,-3.110547772156025e-05,1.416184
1.416184,289.407,2.2583,2.2581516394784362,-0.00014836052156397272,1.416184
1.416184,291.504,2.2576,2.2576391591930283,3.9159193028215356e-05,1.416184
1.416184,293.601,2.2571,2.257131375714697,3.137571469702394e-05,1.416184
1.416184,295.698,2.2568,2.2566282129098814,-0.00017178709011878013,1.416184
1.416184,297.796,2.2561,2.2561293597046785,2.935970467854432e-05,1.416184
1.416184,299.893,2.2558,2.2556352189611006,-0.0001647810388991644,1.416184
2.782831,0.134,4.1162,4.116657129503064,0.00045712950306420197,2.782831
2.782831,0.268,3.7324,3.7327758356093543,0.00037583560935416926,2.782831
2.782831,0.537,3.4164,3.4158193358670257,-0.0005806641329741957,2.782831
2.782831,1.074,3.1558,3.155526349273301,-0.00027365072669915946,2.782831
2.782831,2.097,2.9476,2.9478917859608558,0.0002917859608557727,2.782831
2.782831,4.194,2.7702,2.7701148599407217,-8.514005927828805e-05,2.782831
2.782831,6.291,2.6811,2.6810336902410876,-6.630975891219748e-05,2.782831
2.782831,8.389,2.6238,2.623664950166151,-0.0001350498338492656,2.782831
2.782831,10.486,2.5824,2.5822629091506837,-0.0001370908493161238,2.782831
2.782831,12.583,2.5504,2.550301918716977,-9.808128302291053e-05,2.782831
2.782831,14.68,2.5246,2.524522555491706,-7.744450829383354e-05,2.782831
2.782831,16.777,2.503,2.503072770827194,7.277082719392425e-05,2.782831
2.782831,18.874,2.4846,2.4848066256751893,0.0002066256751893647,2.782831
2.782831,20.972,2.469,2.468962320444674,-3.767955532607559e-05,2.782831
2.782831,23.069,2.455,2.45503333591138,3.3335911379772654e-05,2.782831
2.782831,25.166,2.4427,2.442637448301392,-6.255169860791554e-05,2.782831
2.782831,27.263,2.4313,2.431497774629247,0.00019777462924741585,2.782831
2.782831,29.36,2.4212,2.4214041125495447,0.0002041125495448881,2.782831
2.782831,31.457,2.4123,2.4121934137908716,-0.00010658620912851191,2.782831
2.782831,33.554,2.4037,2.403736861593557,3.686159355664742e-05,2.782831
2.782831,35.652,2.396,2.3959274738315703,-7.252616842956527e-05,2.782831
2.782831,37.749,2.3887,2.3886885069262567,-1.1493073743373827e-05,2.782831
2.782831,39.846,2.3819,2.381946758324633,4.6758324633078274e-05,2.782831
2.782831,41.943,2.3757,2.3756444817379694,-5.55182620307626e-05,2.782831
2.782831,44.04,2.3697,2.369733112715447,3.3112715446925733e-05,2.782831
2.782831,46.137,2.3642,2.364171451435751,-2.85485642490535e-05,2.782831
2.782831,48.234,2.3589,2.358924269620323,2.426962032275881e-05,2.782831
2.782831,50.332,2.3539,2.3539589255270976,5.892552709774179e-05,2.782831
2.782831,52.429,2.3492,2.3492538445238593,5.384452385914784e-05,2.782831
2.782831,54.526,2.3448,2.3447836627721665,-1.633722783367375e-05,2.782831
2.782831,56.623,2.3405,2.3405282728557224,2.82728557223777e-05,2.782831
2.782831,58.72,2.3366,2.336469954088551,-0.00013004591144882838,2.782831
2.782831,60.817,2.3325,2.3325930157220665,9.301572206643627e-05,2.782831
2.782831,62.915,2.3288,2.328881772676926,8.177267692577317e-05,2.782831
2.782831,65.012,2.3253,2.3253272982504267,2.7298250426799342e-05,2.782831
2.782831,67.109,2.3221,2.321916617147236,-0.00018338285276398025,2.782831
2.782831,69.206,2.3186,2.318639684276838,3.968427683798126e-05,2.782831
2.782831,71.303,2.3156,2.315487434106946,-0.000112565893053862,2.782831
2.782831,73.4,2.3123,2.312451659609874,0.00015165960987406635,2.782831
2.782831,75.497,2.3095,2.309524909146984,2.4909146984164465e-05,2.782831
2.782831,77.595,2.3068,2.306699074668597,-0.00010092533140282356,2.782831
2.782831,79.692,2.304,2.3039706544427068,-2.9345557293058988e-05,2.782831
2.782831,81.789,2.3014,2.3013326104527065,-6.73895472935726e-05,2.782831
2.782831,83.886,2.2987,2.2987797444269598,7.974442695957151e-05,2.782831
2.782831,85.983,2.2964,2.2963072776638302,-9.272233616997028e-05,2.782831
2.782831,88.08,2.2941,2.29391080790159,-0.00018919209840984053,2.782831
2.782831,90.178,2.2915,2.2915851795745197,8.517957451958935e-05,2.782831
2.782831,92.275,2.2893,2.2893288500770157,2.885007701580733e-05,2.782831
2.782831,94.372,2.2873,2.2871372121686586,-0.00016278783134149322,2.782831
2.782831,96.469,2.2851,2.285007034186064,-9.296581393591907e-05,2.782831
2.782831,98.566,2.2829,2.2829353117393945,3.5311739394305874e-05,2.782831
2.782831,100.663,2.2809,2.280919247292966,1.924729296609584e-05,2.782831
2.782831,102.76,2.2789,2.2789562319626033,5.623196260318153e-05,2.782831
2.782831,104.858,2.2769,2.2770429289837026,0.000142928983702717,2.782831
2.782831,106.955,2.2751,2.275178882732339,7.88827323390251e-05,2.782831
2.782831,109.052,2.2733,2.27336103547935,6.103547935021325e-05,2.782831
2.782831,111.149,2.2715,2.2715873863022362,8.738630223614763e-05,2.782831
2.782831,113.246,2.2698,2.269856056630132,5.605663013197315e-05,2.782831
2.782831,115.343,2.2682,2.268165280659748,-3.4719340252120645e-05,2.782831
2.782831,117.441,2.2666,2.266512617969078,-8.738203092173435e-05,2.782831
2.782831,119.538,2.2648,2.2648980779395247,9.807793952454347e-05,2.782831
2.782831,121.635,2.2634,2.263319387333324,-8.061266667569456e-05,2.782831
2.782831,123.732,2.2617,2.2617751523671674,7.515236716759688e-05,2.782831
2.782831,125.829,2.2603,2.2602640559087304,-3.5944091269612954e-05,2.782831
2.782831,127.926,2.2588,2.258784852066649,-1.5147933350778686e-05,2.782831
2.782831,130.023,2.2572,2.2573363612439192,0.0001363612439191364,2.782831
2.782831,132.121,2.2559,2.255916795866119,1.6795866118801683e-05,2.782831
2.782831,134.218,2.2545,2.2545264485594134,2.6448559413250194e-05,2.782831
2.782831,136.315,2.2532,2.253163629325647,-3.637067435313668e-05,2.782831
2.782831,138.412,2.2518,2.251827382051626,2.7382051626112514e-05,2.782831
2.782831,140.509,2.2507,2.250516797681572,-0.00018320231842805512,2.782831
2.782831,142.606,2.2492,2.2492310112395835,3.101123958337837e-05,2.782831
2.782831,144.703,2.2479,2.2479691990811355,6.919908113545148e-05,2.782831
2.782831,146.801,2.2467,2.2467299911001968,2.9991100196635756e-05,2.782831
2.782831,148.898,2.2455,2.245513819918542,1.3819918541990717e-05,2.782831
2.782831,150.995,2.2443,2.2443193752739217,1.9375273921706793e-05,2.782831
2.782831,153.092,2.2432,2.243145975278148,-5.4024721851675395e-05,2.782831
2.782831,155.189,2.2421,2.241992968413292,-0.00010703158670821722,2.782831
2.782831,157.286,2.2408,2.2408597317902634,5.973179026330655e-05,2.782831
2.782831,159.384,2.2397,2.2397451427464805,4.514274648048655e-05,2.782831
2.782831,161.481,2.2387,2.238649693206986,-5.030679301398777e-05,2.782831
2.782831,163.578,2.2375,2.2375723011103883,7.230111038847298e-05,2.782831
2.782831,165.675,2.2366,2.2365124429665078,-8.755703349239141e-05,2.782831
2.782831,167.772,2.2355,2.235469616843888,-3.038315611192388e-05,2.782831
2.782831,169.869,2.2343,2.2344433412256137,0.0001433412256135469,2.782831
2.782831,171.966,2.2336,2.23343315393912,-0.00016684606088013254,2.782831
2.782831,174.064,2.2326,2.232438140548538,-0.0001618594514622984,2.782831
2.782831,176.161,2.2314,2.2314588229975016,5.88229975018173e-05,2.782831
2.782831,178.258,2.2305,2.2304943134283763,-5.6865716238085895e-06,2.782831
2.782831,180.355,2.2296,2.2295442176445057,-5.578235549430488e-05,2.782831
2.782831,182.452,2.2286,2.228608156371595,8.156371595013923e-06,2.782831
2.782831,184.549,2.2277,2.227685764529,-1.4235471000212385e-05,2.782831
2.782831,186.647,2.2269,2.2267762601553374,-0.00012373984466274024,2.782831
2.782831,188.744,2.2259,2.225880171430439,-1.9828569561397558e-05,2.782831
2.782831,190.841,2.2249,2.2249967352489466,9.673524894671104e-05,2.782831
2.782831,192.938,2.224,2.224125636847083,0.00012563684708277734,2.782831
2.782831,195.035,2.2232,2.2232665726047114,6.657260471154558e-05,2.782831
2.782831,197.132,2.2224,2.222419249536024,1.924953602427948e-05,2.782831
2.782831,199.229,2.2217,2.2215833848086466,-0.00011661519135319764,2.782831
2.782831,201.327,2.2207,2.220758314648836,5.831464883598869e-05,2.782831
2.782831,203.424,2.22,2.2199445616203075,-5.543837969268495e-05,2.782831
2.782831,205.521,2.2191,2.219141474816014,4.147481601401992e-05,2.782831
2.782831,207.618,2.2184,2.2183488077181193,-5.119228188066316e-05,2.782831
2.782831,209.715,2.2178,2.2175663219231394,-0.0002336780768605884,2.782831
2.782831,211.812,2.2168,2.2167937867968774,-6.213203122662492e-06,2.782831
2.782831,213.91,2.216,2.21603061767173,3.0617671729959994e-05,2.782831
2.782831,216.007,2.2154,2.2152773259238874,-0.00012267407611243897,2.782831
2.782831,218.104,2.2146,2.214533336271449,-6.666372855068659e-05,2.782831
2.782831,220.201,2.214,2.2137984460522984,-0.00020155394770160484,2.782831
2.782831,222.298,2.2131,2.2130724588962187,-2.754110378111463e-05,2.782831
2.782831,224.395,2.2123,2.2123551844723868,5.518447238683777e-05,2.782831
2.782831,226.492,2.2117,2.2116464382492502,-5.356175074977543e-05,2.782831
2.782831,228.59,2.211,2.210945709230442,-5.429076955776324e-05,2.782831
2.782831,230.687,2.2103,2.2102534917379946,-4.6508262005584555e-05,2.782831
2.782831,232.784,2.2096,2.2095692813379157,-3.071866208426144e-05,2.782831
2.782831,234.881,2.209,2.208892914520446,-0.00010708547955395886,2.782831
2.782831,236.978,2.2083,2.2082242325367103,-7.576746328963324e-05,2.782831
2.782831,239.075,2.2077,2.2075630812194214,-0.00013691878057864315,2.782831
2.782831,241.172,2.207,2.2069093108118443,-9.068918815557936e-05,2.782831
2.782831,243.27,2.2063,2.206262469193651,-3.7530806348939905e-05,2.782831
2.782831,245.367,2.2056,2.2056230315185577,2.3031518557647956e-05,2.782831
2.782831,247.464,2.2051,2.2049905502858946,-0.0001094497141052031,2.782831
2.782831,249.561,2.2043,2.2043648918225585,6.489182255853265e-05,2.782831
2.782831,251.658,2.2038,2.2037459261198493,-5.4073880150884435e-05,2.782831
2.782831,253.755,2.2031,2.203133526703476,3.352670347611664e-05,2.782831
2.782831,255.853,2.2025,2.2025272830636795,2.7283063679384156e-05,2.782831
2.782831,257.95,2.202,2.2019276533057504,-7.234669424960316e-05,2.782831
2.782831,260.047,2.2014,2.201334230345858,-6.576965414195612e-05,2.782831
2.782831,262.144,2.2008,2.2007469006574607,-5.309934253938664e-05,2.782831
2.782831,264.241,2.2001,2.200165553677511,6.555367751115426e-05,2.782831
2.782831,266.338,2.1997,2.199590081706309,-0.00010991829369100259,2.782831
2.782831,268.435,2.1991,2.199020379811495,-7.962018850493635e-05,2.782831
2.782831,270.533,2.1986,2.198456078100186,-0.00014392189981382586,2.782831
2.782831,272.63,2.1979,2.1978976148057763,-2.3851942239083712e-06,2.782831
2.782831,274.727,2.1974,2.1973446224468836,-5.537755311646464e-05,2.782831
2.782831,276.824,2.1968,2.1967970062775968,-2.993722403310528e-06,2.782831
2.782831,278.921,2.1964,2.1962546738947224,-0.00014532610527773215,2.782831
2.782831,281.018,2.1957,2.195717535162763,1.753516276314926e-05,2.782831
2.782831,283.116,2.1952,2.1951852496345654,-1.4750365434412771e-05,2.782831
2.782831,285.213,2.1947,2.1946582388848337,-4.176111516640546e-05,2.782831
2.782831,287.31,2.1942,2.1941361642393287,-6.383576067126029e-05,2.782831
2.782831,289.407,2.1936,2.193618943940882,1.8943940882198973e-05,2.782831
2.782831,291.504,2.1931,2.1931064981663875,6.4981663876473306e-06,2.782831
2.782831,293.601,2.1927,2.1925987489675287,-0.0001012510324711613,2.782831
2.782831,295.698,2.192,2.192095620213727,9.562021372699903e-05,2.782831
2.782831,297.796,2.1916,2.191596800850082,-3.199149918309274e-06,2.782831
2.782831,299.893,2.1911,2.1911026937092153,2.6937092152401476e-06,2.782831
6.86104,0.134,4.0512,4.050590415615518,-0.0006095843844819981,6.86104
6.86104,0.268,3.6658,3.666726945187576,0.0009269451875759671,6.86104
6.86104,0.537,3.3494,3.349782164943748,0.00038216494374765375,6.86104
6.86104,1.074,3.0899,3.0894963413114964,-0.0004036586885036719,6.86104
6.86104,2.097,2.8818,2.881865563031983,6.556303198301805e-05,6.86104
6.86104,4.194,2.7039,2.7040902299732426,0.00019022997324258384,6.86104
6.86104,6.291,2.6151,2.615009182912936,-9.081708706393243e-05,6.86104
6.86104,8.389,2.5577,2.557640249417215,-5.975058278506751e-05,6.86104
6.86104,10.486,2.5161,2.5162379242884176,0.00013792428841785664,6.86104
6.86104,12.583,2.4841,2.4842766260951175,0.00017662609511726046,6.86104
6.86104,14.68,2.4586,2.458496955475952,-0.00010304452404819031,6.86104
6.86104,16.777,2.4371,2.4370468729723167,-5.3127027683341765e-05,6.86104
6.86104,18.874,2.4187,2.418780442896291,8.044289629127732e-05,6.86104
6.86104,20.972,2.4032,2.4029358664174096,-0.00026413358259036457,6.86104
6.86104,23.069,2.3889,2.3890066243730876,0.00010662437308761596,6.86104
6.86104,25.166,2.3764,2.3766104921954345,0.000210492195434675,6.86104
6.86104,27.263,2.3654,2.3654705860609204,7.058606092025244e-05,6.86104
6.86104,29.36,2.3553,2.3553767027459482,7.670274594806514e-05,6.86104
6.86104,31.457,2.3462,2.346165793125031,-3.420687496902275e-05,6.86104
6.86104,33.554,2.3377,2.337709039637107,9.039637107299825e-06,6.86104
6.86104,35.652,2.3299,2.3298994593283537,-5.406716461209271e-07,6.86104
6.86104,37.749,2.3225,2.3226603081305295,0.00016030813052969606,6.86104
6.86104,39.846,2.3161,2.315918382786513,-0.00018161721348697313,6.86104
6.86104,41.943,2.3096,2.309615936455281,1.5936455280751716e-05,6.86104
6.86104,44.04,2.3038,2.303704404186525,-9.559581347495794e-05,6.86104
6.86104,46.137,2.2982,2.2981425857069864,-5.7414293013646756e-05,6.86104
6.86104,48.234,2.2929,2.292895252328711,-4.747671288996003e-06,6.86104
6.86104,50.332,2.288,2.2879297618696377,-7.023813036211024e-05,6.86104
6.86104,52.429,2.2832,2.2832245394993476,2.4539499347664417e-05,6.86104
6.86104,54.526,2.2788,2.2787542210009555,-4.5778999044454594e-05,6.86104
6.86104,56.623,2.2746,2.2744986986775872,-0.00010130132241270573,6.86104
6.86104,58.72,2.2704,2.270440251586682,4.025158668197193e-05,6.86104
6.86104,60.817,2.2666,2.2665631887445223,-3.6811255477608995e-05,6.86104
6.86104,62.915,2.2628,2.2628518247990606,5.182479906062909e-05,6.86104
6.86104,65.012,2.2594,2.259297232964112,-0.00010276703588774083,6.86104
6.86104,67.109,2.2558,2.2558864377027286,8.643770272875884e-05,6.86104
6.86104,69.206,2.2528,2.25260939375524,-0.00019060624476008314,6.86104
6.86104,71.303,2.2494,2.2494570354328323,5.7035432832197586e-05,6.86104
6.86104,73.4,2.2463,2.2464211555627216,0.00012115556272140893,6.86104
6.86104,75.497,2.2435,2.2434943023715372,-5.697628462808524e-06,6.86104
6.86104,77.595,2.2406,2.2406683676370793,6.836763707918081e-05,6.86104
6.86104,79.692,2.238,2.237939849606129,-6.015039387108345e-05,6.86104
6.86104,81.789,2.2352,2.235301710104784,0.00010171010478421394,6.86104
6.86104,83.886,2.2327,2.2327487507596375,4.875075963761688e-05,6.86104
6.86104,85.983,2.2301,2.230276192773826,0.0001761927738259672,6.86104
6.86104,88.08,2.2278,2.2278796337963946,7.963379639486234e-05,6.86104
6.86104,90.178,2.2253,2.225553918136727,0.0002539181367273713,6.86104
6.86104,92.275,2.2231,2.223297503193801,0.00019750319380085202,6.86104
6.86104,94.372,2.2212,2.221105781611151,-9.421838884904332e-05,6.86104
6.86104,96.469,2.219,2.2189755216557403,-2.4478344259559748e-05,6.86104
6.86104,98.566,2.2169,2.216903718872068,3.7188720680703113e-06,6.86104
6.86104,100.663,2.2148,2.214887575662477,8.757566247696857e-05,6.86104
6.86104,102.76,2.2129,2.2129244830842416,2.448308424174428e-05,6.86104
6.86104,104.858,2.211,2.2110111042815834,1.1104281583573794e-05,6.86104
6.86104,106.955,2.209,2.209146983650418,0.00014698365041798667,6.86104
6.86104,109.052,2.2074,2.2073290633754272,-7.093662457258176e-05,6.86104
6.86104,111.149,2.2056,2.2055553424869987,-4.46575130013116e-05,6.86104
6.86104,113.246,2.2038,2.203823942369544,2.3942369543838993e-05,6.86104
6.86104,115.343,2.2021,2.202133097177281,3.309717728061656e-05,6.86104
6.86104,117.441,2.2005,2.2004803664156243,-1.9633584375622348e-05,6.86104
6.86104,119.538,2.1987,2.1988657594923993,0.00016575949239916454,6.86104
6.86104,121.635,2.1973,2.197287003100491,-1.2996899508621595e-05,6.86104
6.86104,123.732,2.1957,2.1957427034216797,4.270342167966845e-05,6.86104
6.86104,125.829,2.1941,2.1942315432903405,0.0001315432903403746,6.86104
6.86104,127.926,2.1927,2.192752276783324,5.2276783323979004e-05,6.86104
6.86104,130.023,2.1914,2.191303724273261,-9.62757267388703e-05,6.86104
6.86104,132.121,2.1899,2.1898840981279637,-1.590187203648341e-05,6.86104
6.86104,134.218,2.1884,2.188493691003755,9.369100375478112e-05,6.86104
6.86104,136.315,2.1872,2.1871308128467213,-6.918715327852709e-05,6.86104
6.86104,138.412,2.1859,2.185794507518224,-0.00010549248177627035,6.86104
6.86104,140.509,2.1845,2.1844838659381005,-1.6134061899375496e-05,6.86104
6.86104,142.606,2.1832,2.18319802310707,-1.9768929298003e-06,6.86104
6.86104,144.703,2.1819,2.181936155358177,3.615535817669269e-05,6.86104
6.86104,146.801,2.1807,2.1806968925379024,-3.107462097418079e-06,6.86104
6.86104,148.898,2.1795,2.179480667299611,-1.9332700389007584e-05,6.86104
6.86104,150.995,2.1783,2.1782861693348607,-1.3830665139380471e-05,6.86104
6.86104,153.092,2.1772,2.1771127167363575,-8.728326364249028e-05,6.86104
6.86104,155.189,2.176,2.175959657967796,-4.0342032204154776e-05,6.86104
6.86104,157.286,2.1748,2.1748263701223998,2.6370122399921314e-05,6.86104
6.86104,159.384,2.1738,2.1737117304966045,-8.826950339546613e-05,6.86104
6.86104,161.481,2.1726,2.1726162310472614,1.623104726133917e-05,6.86104
6.86104,163.578,2.1717,2.1715387896729044,-0.00016121032709559557,6.86104
6.86104,165.675,2.1704,2.170478882868111,7.88828681113074e-05,6.86104
6.86104,167.772,2.1696,2.1694360086867253,-0.00016399131327471395,6.86104
6.86104,169.869,2.1684,2.1684096855976422,9.685597642139498e-06,6.86104
6.86104,171.966,2.1673,2.167399451414603,9.945141460310225e-05,6.86104
6.86104,174.064,2.1664,2.1664043916665476,4.391666547753914e-06,6.86104
6.86104,176.161,2.1654,2.1654250283285177,2.502832851769554e-05,6.86104
6.86104,178.258,2.1645,2.164460473508299,-3.952649170102518e-05,6.86104
6.86104,180.355,2.1635,2.1635103329972925,1.0332997292472612e-05,6.86104
6.86104,182.452,2.1625,2.162574227509654,7.422750965391245e-05,6.86104
6.86104,184.549,2.1616,2.161651791953562,5.1791953561863835e-05,6.86104
6.86104,186.647,2.1609,2.1607422443363205,-0.00015775566367937088,6.86104
6.86104,188.744,2.16,2.1598461128685047,-0.00015388713149544486,6.86104
6.86104,190.841,2.159,2.158962634413885,-3.736558611500129e-05,6.86104
6.86104,192.938,2.1581,2.158091494198853,-8.505801146974079e-06,6.86104
6.86104,195.035,2.1572,2.157232388593745,3.238859374521397e-05,6.86104
6.86104,197.132,2.1564,2.1563850246035177,-1.4975396482430625e-05,6.86104
6.86104,199.229,2.1555,2.1555491193868366,4.911938683660466e-05,6.86104
6.86104,201.327,2.1547,2.1547240091422624,2.400914226230455e-05,6.86104
6.86104,203.424,2.1538,2.1539102164632857,0.00011021646328579493,6.86104
6.86104,205.521,2.1531,2.1531070904154666,7.090415466759481e-06,6.86104
6.86104,207.618,2.1524,2.15231438447302,-8.561552697994301e-05,6.86104
6.86104,209.715,2.1515,2.151531860224742,3.1860224741997456e-05,6.86104
6.86104,211.812,2.1509,2.1507592870289347,-0.00014071297106532654,6.86104
6.86104,213.91,2.1499,2.149996080192821,9.608019282092428e-05,6.86104
6.86104,216.007,2.1491,2.149242751121451,0.00014275112145112345,6.86104
6.86104,218.104,2.1485,2.148498724507973,-1.2754920266644376e-06,6.86104
6.86104,220.201,2.1478,2.14776379768357,-3.620231642997851e-05,6.86104
6.86104,222.298,2.1472,2.1470377742715088,-0.00016222572849144967,6.86104
6.86104,224.395,2.1463,2.146320463934624,2.0463934623737856e-05,6.86104
6.86104,226.492,2.1457,2.1456116821351907,-8.83178648094507e-05,6.86104
6.86104,228.59,2.1449,2.1449109178541046,1.0917854104786073e-05,6.86104
6.86104,230.687,2.1442,2.1442186654411595,1.8665441159360086e-05,6.86104
6.86104,232.784,2.1436,2.1435344204397797,-6.55795602204634e-05,6.86104
6.86104,234.881,2.1429,2.1428580193346543,-4.198066534577549e-05,6.86104
6.86104,236.978,2.1421,2.1421893033714987,8.930337149859469e-05,6.86104
6.86104,239.075,2.1416,2.141528118377755,-7.188162224514016e-05,6.86104
6.86104,241.172,2.141,2.140874314591549,-0.00012568540845103726,6.86104
6.86104,243.27,2.1402,2.1402274398718335,2.743987183340124e-05,6.86104
6.86104,245.367,2.1396,2.139587969398991,-1.2030601009183073e-05,6.86104
6.86104,247.464,2.139,2.1389554556517396,-4.454434826017817e-05,6.86104
6.86104,249.561,2.1384,2.1383297649523256,-7.02350476742275e-05,6.86104
6.86104,251.658,2.1377,2.1377107672875115,1.0767287511370682e-05,6.86104
6.86104,253.755,2.1371,2.1370983361785774,-1.6638214228592574e-06,6.86104
6.86104,255.853,2.1365,2.136492061096516,-7.938903483939441e-06,6.86104
6.86104,257.95,2.136,2.1358924001723696,-0.00010759982763053344,6.86104
6.86104,260.047,2.1353,2.135298946303136,-1.0536968639840438e-06,6.86104
6.86104,262.144,2.1347,2.134711585958246,1.1585958246129735e-05,6.86104
6.86104,264.241,2.1342,2.1341302085707206,-6.979142927932003e-05,6.86104
6.86104,266.338,2.1334,2.133554706437015,0.0001547064370148732,6.86104
6.86104,268.435,2.1331,2.132984974621015,-0.00011502537898522291,6.86104
6.86104,270.533,2.1323,2.132420643212067,0.00012064321206706197,6.86104
6.86104,272.63,2.1318,2.131862150468285,6.215046828472737e-05,6.86104
6.86104,274.727,2.1312,2.131309128890567,0.00010912889056680086,6.86104
6.86104,276.824,2.1307,2.13076148372957,6.148372956982229e-05,6.86104
6.86104,278.921,2.1303,2.1302191225787452,-8.087742125484354e-05,6.86104
6.86104,281.018,2.1297,2.129681955299312,-1.8044700688335524e-05,6.86104
6.86104,283.116,2.1292,2.1291496414274453,-5.035857255464293e-05,6.86104
6.86104,285.213,2.1286,2.128622602561726,2.2602561725815207e-05,6.86104
6.86104,287.31,2.1281,2.1281005000112767,5.000112768271947e-07,6.86104
6.86104,289.407,2.1276,2.127583252015918,-1.674798408224376e-05,6.86104
6.86104,291.504,2.127,2.127070778749596,7.077874959637853e-05,6.86104
6.86104,293.601,2.1266,2.1265630022611086,-3.699773889120905e-05,6.86104
6.86104,295.698,2.126,2.12605984641705,5.984641705003568e-05,6.86104
6.86104,297.796,2.1255,2.1255610001469734,6.100014697318912e-05,6.86104
6.86104,299.893,2.125,2.125066866306438,6.686630643804037e-05,6.86104
11.965825,0.134,4.0188,4.018883309947388,8.33099473886989e-05,11.965825
11.965825,0.268,3.6351,3.6350143683891503,-8.563161084973459e-05,11.965825
11.965825,0.537,3.3185,3.3180671321583035,-0.0004328678416962717,11.965825
11.965825,1.074,3.058,3.057780984731556,-0.0002190152684438118,11.965825
11.965825,2.097,2.8502,2.850151274954221,-4.872504577901893e-05,11.965825
11.965825,4.194,2.6724,2.6723779902215705,-2.2009778429588067e-05,11.965825
11.965825,6.291,2.5833,2.583298434252843,-1.5657471568175652e-06,11.965825
11.965825,8.389,2.5261,2.5259306484069444,-0.0001693515930556444,11.965825
11.965825,10.486,2.4845,2.484529250933183,2.9250933182733974e-05,11.965825
11.965825,12.583,2.4527,2.4525687296902943,-0.0001312703097058332,11.965825
11.965825,14.68,2.4268,2.42678972644437,-1.0273555630213593e-05,11.965825
11.965825,16.777,2.4053,2.405340228170374,4.02281703739682e-05,11.965825
11.965825,18.874,2.3868,2.387074317135471,0.00027431713547088066,11.965825
11.965825,20.972,2.3713,2.3712302074588862,-6.97925411139444e-05,11.965825
11.965825,23.069,2.3573,2.357301388893684,1.3888936840622534e-06,11.965825
11.965825,25.166,2.345,2.344905644177978,-9.43558220223295e-05,11.965825
11.965825,27.263,2.3334,2.3337660949615597,0.0003660949615595932,11.965825
11.965825,29.36,2.3239,2.323672542342473,-0.00022745765752718583,11.965825
11.965825,31.457,2.3144,2.3144619406663325,6.194066633247175e-05,11.965825
11.965825,33.554,2.3061,2.3060054752015335,-9.452479846627782e-05,11.965825
11.965825,35.652,2.2981,2.2981961654557157,9.616545571589086e-05,11.965825
11.965825,37.749,2.291,2.2909572690546667,-4.273094533324695e-05,11.965825
11.965825,39.846,2.2841,2.284215584520257,0.00011558452025717258,11.965825
11.965825,41.943,2.2778,2.277913366412651,0.00011336641265113911,11.965825
11.965825,44.04,2.2722,2.2720020509840184,-0.00019794901598180203,11.965825
11.965825,46.137,2.2664,2.2664404390006263,4.043900062633554e-05,11.965825
11.965825,48.234,2.2612,2.2611933026791684,-6.697320831694498e-06,11.965825
11.965825,50.332,2.2563,2.2562280007175346,-7.199928246537368e-05,11.965825
11.965825,52.429,2.2516,2.251522958803206,-7.704119679363686e-05,11.965825
11.965825,54.526,2.2471,2.247052813428196,-4.7186571804136435e-05,11.965825
11.965825,56.623,2.2428,2.2427974574442437,-2.542555756157583e-06,11.965825
11.965825,58.72,2.239,2.2387391703986896,-0.0002608296013102418,11.965825
11.965825,60.817,2.2349,2.2348622617470584,-3.77382529417325e-05,11.965825
11.965825,62.915,2.2312,2.23115104660229,-4.895339770971674e-05,11.965825
11.965825,65.012,2.2277,2.227596598393499,-0.00010340160650113006,11.965825
11.965825,67.109,2.2243,2.224185941979415,-0.00011405802058472858,11.965825
11.965825,69.206,2.221,2.2209090323943803,-9.09676056197739e-05,11.965825
11.965825,71.303,2.2178,2.21775680421758,-4.3195782419847006e-05,11.965825
11.965825,73.4,2.2146,2.214721050521188,0.00012105052118815962,11.965825
11.965825,75.497,2.2119,2.2117943197562995,-0.00010568024370050111,11.965825
11.965825,77.595,2.2089,2.208968503962784,6.850396278412774e-05,11.965825
11.965825,79.692,2.2063,2.2062401014639437,-5.9898536056479657e-05,11.965825
11.965825,81.789,2.2035,2.2036020743185496,0.00010207431854958315,11.965825
11.965825,83.886,2.201,2.201049224315134,4.9224315133766794e-05,11.965825
11.965825,85.983,2.1986,2.1985767728068524,-2.3227193147512537e-05,11.965825
11.965825,88.08,2.1962,2.196180317581985,-1.9682418014976832e-05,11.965825
11.965825,90.178,2.1939,2.193854703127008,-4.5296872992039994e-05,11.965825
11.965825,92.275,2.1917,2.1915983868650297,-0.00010161313497025759,11.965825
11.965825,94.372,2.1894,2.189406761600893,6.761600892968289e-06,11.965825
11.965825,96.469,2.1873,2.187276595706626,-2.340429337399641e-05,11.965825
11.965825,98.566,2.1853,2.1852048848250316,-9.511517496818556e-05,11.965825
11.965825,100.663,2.1833,2.183188831450559,-0.00011116854944104304,11.965825
11.965825,102.76,2.1811,2.181225826726898,0.00012582672689820384,11.965825
11.965825,104.858,2.1794,2.1793125339199992,-8.746608000054223e-05,11.965825
11.965825,106.955,2.1775,2.1774484974201886,-5.1502579811568694e-05,11.965825
11.965825,109.052,2.1756,2.175630659525491,3.065952549086148e-05,11.965825
11.965825,111.149,2.174,2.17385701933409,-0.0001429806659101196,11.965825
11.965825,113.246,2.1721,2.172125698294383,2.5698294383147413e-05,11.965825
11.965825,115.343,2.1704,2.1704349306210493,3.493062104942268e-05,11.965825
11.965825,117.441,2.1688,2.1687822759125877,-1.7724087412407386e-05,11.965825
11.965825,119.538,2.1672,2.1671677435584833,-3.225644151649831e-05,11.965825
11.965825,121.635,2.1655,2.1655890603395296,8.906033952937875e-05,11.965825
11.965825,123.732,2.1639,2.1640448324861703,0.00014483248617036537,11.965825
11.965825,125.829,2.1627,2.162533742878983,-0.00016625712101703272,11.965825
11.965825,127.926,2.161,2.1610545456387165,5.4545638716430034e-05,11.965825
11.965825,130.023,2.1595,2.159606061179751,0.00010606117975120455,11.965825
11.965825,132.121,2.158,2.1581865019412496,0.00018650194124969488,11.965825
11.965825,134.218,2.1568,2.156796160553615,-3.839446385267564e-06,11.965825
11.965825,136.315,2.1553,2.1554333470311757,0.00013334703117573454,11.965825
11.965825,138.412,2.1542,2.154097105269707,-0.00010289473029301277,11.965825
11.965825,140.509,2.1529,2.1527865262218966,-0.00011347377810322357,11.965825
11.965825,142.606,2.1515,2.1515007449198427,7.449198426989767e-07,11.965825
11.965825,144.703,2.1504,2.150238937726587,-0.00016106227341294854,11.965825
11.965825,146.801,2.1491,2.148999734545507,-0.00010026545449282054,11.965825
11.965825,148.898,2.1478,2.147783568000586,-1.6431999414034948e-05,11.965825
11.965825,150.995,2.1464,2.1465891278383307,0.00018912783833080482,11.965825
11.965825,153.092,2.1456,2.1454157321766476,-0.00018426782335234648,11.965825
11.965825,155.189,2.1442,2.1442627295033962,6.27295033961417e-05,11.965825
11.965825,157.286,2.143,2.1431294969349817,0.00012949693498187642,11.965825
11.965825,159.384,2.1421,2.1420149118158855,-8.508818411456787e-05,11.965825
11.965825,161.481,2.1411,2.140919466072379,-0.0001805339276206297,11.965825
11.965825,163.578,2.1399,2.139842077649699,-5.792235030099846e-05,11.965825
11.965825,165.675,2.1388,2.138782223062167,-1.7776937832891804e-05,11.965825
11.965825,167.772,2.1378,2.137739400382615,-6.0599617385026505e-05,11.965825
11.965825,169.869,2.1368,2.1367131280982146,-8.6871901785468e-05,11.965825
11.965825,171.966,2.1358,2.1357029440403013,-9.705595969888847e-05,11.965825
11.965825,174.064,2.1347,2.1347079337781945,7.933778194413321e-06,11.965825
11.965825,176.161,2.1337,2.1337286192561002,2.8619256100093082e-05,11.965825
11.965825,178.258,2.1328,2.1327641126212926,-3.588737870741099e-05,11.965825
11.965825,180.355,2.1318,2.1318140196803603,1.4019680360188858e-05,11.965825
11.965825,182.452,2.1309,2.1308779611621107,-2.2038837889315488e-05,11.965825
11.965825,184.549,2.1298,2.1299555719888676,0.00015557198886773094,11.965825
11.965825,186.647,2.129,2.1290460702033047,4.607020330471556e-05,11.965825
11.965825,188.744,2.1281,2.128149983985508,4.998398550792871e-05,11.965825
11.965825,190.841,2.1272,2.1272665502339785,6.655023397827975e-05,11.965825
11.965825,192.938,2.1264,2.1263954541874384,-4.5458125614850076e-06,11.965825
11.965825,195.035,2.1256,2.125536392228147,-6.360777185276945e-05,11.965825
11.965825,197.132,2.1248,2.1246890713725963,-0.00011092862740369469,11.965825
11.965825,199.229,2.1238,2.123853208790615,5.3208790614878154e-05,11.965825
11.965825,201.327,2.123,2.123028140711557,2.8140711556989828e-05,11.965825
11.965825,203.424,2.1223,2.122214389699189,-8.561030081111198e-05,11.965825
11.965825,205.521,2.1214,2.1214113048494245,1.1304849424575991e-05,11.965825
11.965825,207.618,2.1206,2.1206186396463074,1.863964630732795e-05,11.965825
11.965825,209.715,2.1199,2.1198361556881595,-6.384431184036643e-05,11.965825
11.965825,211.812,2.119,2.119063622342522,6.362234252188514e-05,11.965825
11.965825,213.91,2.1183,2.1183004549442748,4.5494427469705556e-07,11.965825
11.965825,216.007,2.1175,2.1175471648695714,4.716486957123678e-05,11.965825
11.965825,218.104,2.1168,2.116803176838898,3.1768388981667783e-06,11.965825
11.965825,220.201,2.1161,2.1160682881916313,-3.1711808368584116e-05,11.965825
11.965825,222.298,2.1152,2.115342302558993,0.00014230255899283506,11.965825
11.965825,224.395,2.1147,2.1146250296115463,-7.497038845372117e-05,11.965825
11.965825,226.492,2.1139,2.1139162848190765,1.628481907633983e-05,11.965825
11.965825,228.59,2.1133,2.1132155571871567,-8.44428128434771e-05,11.965825
11.965825,230.687,2.1125,2.1125233410377415,2.3341037741708703e-05,11.965825
11.965825,232.784,2.1119,2.111839131938712,-6.0868061287688846e-05,11.965825
11.965825,234.881,2.1112,2.1111627663814674,-3.7233618532805934e-05,11.965825
11.965825,236.978,2.1105,2.1104940856182517,-5.914381748350905e-06,11.965825
11.965825,239.075,2.1099,2.109832935482859,-6.706451714100226e-05,11.965825
11.965825,241.172,2.1092,2.109179166219599,-2.083378040085293e-05,11.965825
11.965825,243.27,2.1085,2.1085323257096733,3.232570967348636e-05,11.965825
11.965825,245.367,2.1079,2.1078928891067163,-7.110893283535091e-06,11.965825
11.965825,247.464,2.1072,2.107260408911541,6.0408911541021126e-05,11.965825
11.965825,249.561,2.1066,2.106634751451956,3.47514519560832e-05,11.965825
11.965825,251.658,2.1059,2.1060157867201434,0.00011578672014334046,11.965825
11.965825,253.755,2.1055,2.105403388242668,-9.661175733199912e-05,11.965825
11.965825,255.853,2.1047,2.1047971455110224,9.714551102257829e-05,11.965825
11.965825,257.95,2.1042,2.1041975166304328,-2.4833695673187606e-06,11.965825
11.965825,260.047,2.1036,2.1036040945182846,4.094518284425419e-06,11.965825
11.965825,262.144,2.1031,2.103016765648787,-8.323435121315725e-05,11.965825
11.965825,264.241,2.1024,2.1024354194596198,3.54194596199342e-05,11.965825
11.965825,266.338,2.102,2.101859948251789,-0.00014005174821107857,11.965825
11.965825,268.435,2.1013,2.1012902470936186,-9.752906381610416e-06,11.965825
11.965825,270.533,2.1008,2.1007259460932204,-7.405390677961421e-05,11.965825
11.965825,272.63,2.1001,2.1001674834839537,6.748348395380077e-05,11.965825
11.965825,274.727,2.0998,2.099614491785405,-0.0001855082145949538,11.965825
11.965825,276.824,2.099,2.0990668762522677,6.687625226753369e-05,11.965825
11.965825,278.921,2.0986,2.0985245444819354,-7.545551806442674e-05,11.965825
11.965825,281.018,2.098,2.0979874063394797,-1.2593660520199279e-05,11.965825
11.965825,283.116,2.0975,2.097455121378565,-4.487862143509602e-05,11.965825
11.965825,285.213,2.0969,2.0969281111738916,2.81111738913431e-05,11.965825
11.965825,287.31,2.0964,2.0964060370520174,6.037052017404676e-06,11.965825
11.965825,289.407,2.0959,2.09588881725628,-1.1182743719917454e-05,11.965825
11.965825,291.504,2.0954,2.095376371964065,-2.3628035935363556e-05,11.965825
11.965825,293.601,2.0949,2.094868623227533,-3.137677246689563e-05,11.965825
11.965825,295.698,2.0945,2.0943654949165706,-0.0001345050834293815,11.965825
11.965825,297.796,2.0938,2.0938666759769258,6.667597692588956e-05,11.965825
11.965825,299.893,2.0933,2.0933725692412555,7.256924125531583e-05,11.965825
