replicate,budget_FLOPs,L_ctx,quality_cost,Q0_B,N_star_B,D_star_B,Q_star_B,predicted_loss,C_train_FLOPs,C_attention_FLOPs,C_quality_FLOPs,C_used_FLOPs,C_unused_fraction,train_fraction_of_used,attention_fraction_of_used,quality_fraction_of_used,Q_active,N_lower_active,N_upper_active,D_lower_active,D_upper_active,support_saturated,active_set
0,1e+19,2048,exponential,0.4,0.1304553087264462,10.0,0.5517969555082108,3.297324480745649,7.827318523586771e+18,5.3434494454352365e+17,1.638336531869703e+18,9.999999999999998e+18,2.220446049250313e-16,0.7827318523586773,0.053434494454352374,0.1638336531869703,interior,False,False,True,False,False,Q:interior|Nmin:0|Nmax:0|Dmin:1|Dmax:0
0,1e+21,2048,exponential,0.4,2.3234292554518396,53.14538764079704,1.0,2.3830621037785877,7.408772906217388e+20,5.0577223039777374e+19,2.0854548633848388e+20,1e+21,0.0,0.7408772906217388,0.05057722303977737,0.20854548633848388,upper,False,False,False,False,False,Q:upper|Nmin:0|Nmax:0|Dmin:0|Dmax:0
0,1e+22,2048,exponential,0.4,5.644906165327018,249.34144729596036,1.0,2.1705609263745766,8.44505443867517e+21,5.765157163468916e+20,9.784298449779386e+20,1e+22,0.0,0.844505443867517,0.05765157163468916,0.09784298449779386,upper,False,False,False,False,False,Q:upper|Nmin:0|Nmax:0|Dmin:0|Dmax:0
3,1e+19,2048,exponential,0.4,0.1282280414130437,9.999999999999998,0.5602599646866009,3.3010272614745317,7.69368248478262e+18,5.25222057627827e+17,1.781095457589552e+18,9.999999999999998e+18,2.220446049250313e-16,0.7693682484782621,0.05252220576278271,0.17810954575895524,interior,False,False,True,False,False,Q:interior|Nmin:0|Nmax:0|Dmin:1|Dmax:0
3,1e+21,2048,exponential,0.4,2.32273149809852,53.15802248075572,1.0,2.368535242058558,7.408308791560831e+20,5.057405468372195e+19,2.0859506616019488e+20,9.999999999999999e+20,1.1102230246251565e-16,0.7408308791560833,0.050574054683721954,0.2085950661601949,upper,False,False,False,False,False,Q:upper|Nmin:0|Nmax:0|Dmin:0|Dmax:0
3,1e+22,2048,exponential,0.4,5.641356296718332,249.48298710903777,1.0,2.1560209688475673,8.444534521510011e+21,5.764802233350834e+20,9.789852551549043e+20,1e+22,0.0,0.8444534521510011,0.05764802233350834,0.09789852551549043,upper,False,False,False,False,False,Q:upper|Nmin:0|Nmax:0|Dmin:0|Dmax:0
7,1e+19,2048,exponential,0.4,0.12864295215074226,10.0,0.5587156421701298,3.304744100810786,7.718577129044536e+18,5.269215320094404e+17,1.7545013389460234e+18,9.999999999999998e+18,2.220446049250313e-16,0.7718577129044537,0.052692153200944045,0.17545013389460237,interior,False,False,True,False,False,Q:interior|Nmin:0|Nmax:0|Dmin:1|Dmax:0
7,1e+21,2048,exponential,0.4,2.3228778594044925,53.15537170384214,1.0,2.3757782631310014,7.408406162356259e+20,5.057471940168539e+19,2.0858466436268887e+20,1.0000000000000003e+21,0.0,0.7408406162356258,0.050574719401685383,0.20858466436268883,upper,False,False,False,False,False,Q:upper|Nmin:0|Nmax:0|Dmin:0|Dmax:0
7,1e+22,2048,exponential,0.4,5.642650331356893,249.4313729516518,1.0,2.1632838171921187,8.444724115418657e+21,5.7649316627924694e+20,9.787827183020969e+20,1.0000000000000002e+22,0.0,0.8444724115418655,0.057649316627924684,0.09787827183020967,upper,False,False,False,False,False,Q:upper|Nmin:0|Nmax:0|Dmin:0|Dmax:0
11,1e+19,2048,exponential,0.4,0.12869204350868899,9.999999999999998,0.5585319708781099,3.311154252919602,7.721522610521338e+18,5.2712261021159e+17,1.7513547792670712e+18,9.999999999999998e+18,2.220446049250313e-16,0.772152261052134,0.05271226102115901,0.17513547792670717,interior,False,False,True,False,False,Q:interior|Nmin:0|Nmax:0|Dmin:1|Dmax:0
11,1e+21,2048,exponential,0.4,2.3231878640716124,53.149758024382244,1.0,2.3825765232200946,7.408612369235256e+20,5.05761271073127e+19,2.085626359691616e+20,1e+21,0.0,0.7408612369235257,0.0505761271073127,0.20856263596916158,upper,False,False,False,False,False,Q:upper|Nmin:0|Nmax:0|Dmin:0|Dmax:0
11,1e+22,2048,exponential,0.4,5.64401849113544,249.37682544351878,1.0,2.1700586984744143,8.444924484383249e+21,5.7650684480056315e+20,9.785686708161881e+20,1e+22,0.0,0.8444924484383248,0.057650684480056315,0.09785686708161881,upper,False,False,False,False,False,Q:upper|Nmin:0|Nmax:0|Dmin:0|Dmax:0
15,1e+19,2048,exponential,0.4,0.1284758632335437,9.999999999999998,0.5593392790932866,3.302607199873359,7.708551794012622e+18,5.2623713580459494e+17,1.7652110701827835e+18,1e+19,0.0,0.7708551794012621,0.05262371358045949,0.17652110701827833,interior,False,False,True,False,False,Q:interior|Nmin:0|Nmax:0|Dmin:1|Dmax:0
15,1e+21,2048,exponential,0.4,2.323572564897387,53.14279336764505,1.0,2.3722807942080935,7.408868201464251e+20,5.0577873588662624e+19,2.0853530626491223e+20,1e+21,0.0,0.7408868201464252,0.05057787358866263,0.20853530626491223,upper,False,False,False,False,False,Q:upper|Nmin:0|Nmax:0|Dmin:0|Dmax:0
15,1e+22,2048,exponential,0.4,5.645257950596529,249.32742971369163,1.0,2.159779534965346,8.445105929358089e+21,5.765192314441788e+20,9.783748391977328e+20,1e+22,0.0,0.8445105929358089,0.05765192314441788,0.09783748391977329,upper,False,False,False,False,False,Q:upper|Nmin:0|Nmax:0|Dmin:0|Dmax:0
18,1e+19,2048,exponential,0.4,0.1286435849983032,10.0,0.5587132757102337,3.3104376233116595,7.718615099898191e+18,5.269241241530499e+17,1.7544607759487583e+18,9.999999999999998e+18,2.220446049250313e-16,0.7718615099898193,0.052692412415305,0.17544607759487585,interior,False,False,True,False,False,Q:interior|Nmin:0|Nmax:0|Dmin:1|Dmax:0
18,1e+21,2048,exponential,0.4,2.32359632221715,53.14236332293116,1.0,2.3814746561594,7.408883998265424e+20,5.057798142815864e+19,2.0853361874529885e+20,9.999999999999999e+20,1.1102230246251565e-16,0.7408883998265425,0.05057798142815864,0.20853361874529888,upper,False,False,False,False,False,Q:upper|Nmin:0|Nmax:0|Dmin:0|Dmax:0
18,1e+22,2048,exponential,0.4,5.645344107336751,249.32399686764626,1.0,2.168965748231229,8.44511853920648e+21,5.765200922764957e+20,9.783613685170239e+20,1e+22,0.0,0.844511853920648,0.05765200922764957,0.0978361368517024,upper,False,False,False,False,False,Q:upper|Nmin:0|Nmax:0|Dmin:0|Dmax:0
22,1e+19,2048,exponential,0.4,0.12903044515134449,9.999999999999998,0.5572603320916713,3.3081992667253104,7.741826709080668e+18,5.2850870333990694e+17,1.7296645875794253e+18,1e+19,0.0,0.7741826709080668,0.05285087033399069,0.17296645875794253,interior,False,False,True,False,False,Q:interior|Nmin:0|Nmax:0|Dmin:1|Dmax:0
22,1e+21,2048,exponential,0.4,2.322968411789549,53.15373182507912,1.0,2.3823622161078055,7.408466399903499e+20,5.057513062334123e+19,2.0857822938630898e+20,1e+21,0.0,0.7408466399903499,0.05057513062334123,0.20857822938630896,upper,False,False,False,False,False,Q:upper|Nmin:0|Nmax:0|Dmin:0|Dmax:0
22,1e+22,2048,exponential,0.4,5.642409489825192,249.4409775937302,1.0,2.169849475874145,8.444688834756818e+21,5.764907577860654e+20,9.788204074571158e+20,9.999999999999998e+21,2.220446049250313e-16,0.8444688834756819,0.05764907577860655,0.09788204074571161,upper,False,False,False,False,False,Q:upper|Nmin:0|Nmax:0|Dmin:0|Dmax:0
26,1e+19,2048,exponential,0.4,0.12905864518683158,10.0,0.5571539233176206,3.3080608319546974,7.743518711209895e+18,5.286242106852622e+17,1.7278570781048422e+18,9.999999999999998e+18,2.220446049250313e-16,0.7743518711209897,0.052862421068526226,0.17278570781048425,interior,False,False,True,False,False,Q:interior|Nmin:0|Nmax:0|Dmin:1|Dmax:0
26,1e+21,2048,exponential,0.4,2.322228800711142,53.16712894068604,1.0,2.3823610345918764,7.407974284631039e+20,5.057177111641457e+19,2.0863080042048153e+20,1e+21,0.0,0.7407974284631039,0.05057177111641457,0.20863080042048152,upper,False,False,False,False,False,Q:upper|Nmin:0|Nmax:0|Dmin:0|Dmax:0
26,1e+22,2048,exponential,0.4,5.6393485881843,249.56310931829137,1.0,2.1698498070740913,8.444240209181945e+21,5.764601316134874e+20,9.792996592045697e+20,1.0000000000000002e+22,0.0,0.8444240209181944,0.05764601316134873,0.09792996592045695,upper,False,False,False,False,False,Q:upper|Nmin:0|Nmax:0|Dmin:0|Dmax:0
30,1e+19,2048,exponential,0.4,0.13030542219123867,10.000000000000002,0.5523801695594477,3.2967898697816924,7.818325331474321e+18,5.337310092953137e+17,1.6479436592303636e+18,9.999999999999998e+18,2.220446049250313e-16,0.7818325331474323,0.05337310092953138,0.1647943659230364,interior,False,False,True,False,False,Q:interior|Nmin:0|Nmax:0|Dmin:1|Dmax:0
30,1e+21,2048,exponential,0.4,2.322693254948359,53.15871515314791,1.0,2.3812297411488874,7.408283347676266e+20,5.0573880986803315e+19,2.0859778424557e+20,1e+21,0.0,0.7408283347676267,0.050573880986803314,0.20859778424557002,upper,False,False,False,False,False,Q:upper|Nmin:0|Nmax:0|Dmin:0|Dmax:0
30,1e+22,2048,exponential,0.4,5.64170805098369,249.46895484516597,1.0,2.1687062694213837,8.444586066122756e+21,5.764837421139802e+20,9.789301917632635e+20,1e+22,0.0,0.8444586066122757,0.057648374211398026,0.09789301917632634,upper,False,False,False,False,False,Q:upper|Nmin:0|Nmax:0|Dmin:0|Dmax:0
34,1e+19,2048,exponential,0.4,0.12982069965868392,10.000000000000002,0.5542523916185159,3.297408698975929,7.789241979521037e+18,5.317455858019695e+17,1.6790124346769938e+18,9.999999999999998e+18,2.220446049250313e-16,0.7789241979521038,0.05317455858019696,0.1679012434676994,interior,False,False,True,False,False,Q:interior|Nmin:0|Nmax:0|Dmin:1|Dmax:0
34,1e+21,2048,exponential,0.4,2.3234171850185463,53.14560615855295,1.0,2.3780278051018837,7.408764879420566e+20,5.057716824351106e+19,2.0854634381443246e+20,1e+21,0.0,0.7408764879420565,0.05057716824351106,0.20854634381443246,upper,False,False,False,False,False,Q:upper|Nmin:0|Nmax:0|Dmin:0|Dmax:0
34,1e+22,2048,exponential,0.4,5.644977128385578,249.33861950514296,1.0,2.1655246873173626,8.445064825978596e+21,5.765164254534721e+20,9.784187485679309e+20,9.999999999999998e+21,2.220446049250313e-16,0.8445064825978598,0.05765164254534722,0.0978418748567931,upper,False,False,False,False,False,Q:upper|Nmin:0|Nmax:0|Dmin:0|Dmax:0
37,1e+19,2048,exponential,0.4,0.1290807370607298,10.0,0.5570705153282264,3.308352443908136,7.744844223643789e+18,5.287146990007493e+17,1.7264410773554624e+18,1.0000000000000002e+19,0.0,0.7744844223643788,0.05287146990007492,0.1726441077355462,interior,False,False,True,False,False,Q:interior|Nmin:0|Nmax:0|Dmin:1|Dmax:0
37,1e+21,2048,exponential,0.4,2.3233248387165273,53.14727801439843,1.0,2.3829573363483423,7.40870346726148e+20,5.057674900317171e+19,2.0855290427068016e+20,9.999999999999999e+20,1.1102230246251565e-16,0.7408703467261482,0.05057674900317172,0.20855290427068018,upper,False,False,False,False,False,Q:upper|Nmin:0|Nmax:0|Dmin:0|Dmax:0
37,1e+22,2048,exponential,0.4,5.644327397470527,249.36451288000924,1.0,2.1704474254229202,8.444969712033171e+21,5.765099323414645e+20,9.78520355625366e+20,1e+22,0.0,0.844496971203317,0.05765099323414645,0.0978520355625366,upper,False,False,False,False,False,Q:upper|Nmin:0|Nmax:0|Dmin:0|Dmax:0
41,1e+19,2048,exponential,0.4,0.12992983953448972,10.000000000000002,0.5538326738749003,3.3078980368686315,7.795790372069385e+18,5.3219262273327e+17,1.6720170051973448e+18,9.999999999999998e+18,2.220446049250313e-16,0.7795790372069387,0.05321926227332701,0.16720170051973451,interior,False,False,True,False,False,Q:interior|Nmin:0|Nmax:0|Dmin:1|Dmax:0
41,1e+21,2048,exponential,0.4,2.323310198338723,53.14754307637427,1.0,2.3894211145705286,7.408693730759216e+20,5.057668253531625e+19,2.0855394438876217e+20,1e+21,0.0,0.7408693730759216,0.05057668253531625,0.20855394438876218,upper,False,False,False,False,False,Q:upper|Nmin:0|Nmax:0|Dmin:0|Dmax:0
41,1e+22,2048,exponential,0.4,5.644595699855628,249.3538197182812,1.0,2.1769430005878987,8.445008991146313e+21,5.765126137955884e+20,9.784783950580984e+20,1e+22,0.0,0.8445008991146313,0.05765126137955884,0.09784783950580984,upper,False,False,False,False,False,Q:upper|Nmin:0|Nmax:0|Dmin:0|Dmax:0
45,1e+19,2048,exponential,0.4,0.12789051829464712,10.0,0.561505775734428,3.311495027570171,7.673431097678826e+18,5.2383956293487475e+17,1.802729339386298e+18,9.999999999999998e+18,2.220446049250313e-16,0.7673431097678828,0.05238395629348748,0.18027293393862986,interior,False,False,True,False,False,Q:interior|Nmin:0|Nmax:0|Dmin:1|Dmax:0
45,1e+21,2048,exponential,0.4,2.3231493276787165,53.15045579113704,1.0,2.376310744758513,7.408586738219842e+20,5.057595213291413e+19,2.0856537404510175e+20,1e+21,0.0,0.7408586738219842,0.050575952132914125,0.20856537404510175,upper,False,False,False,False,False,Q:upper|Nmin:0|Nmax:0|Dmin:0|Dmax:0
45,1e+22,2048,exponential,0.4,5.643928915786161,249.38039601589085,1.0,2.1638090854943908,8.444911368625742e+21,5.7650594943151735e+20,9.785826819427391e+20,1e+22,0.0,0.8444911368625743,0.05765059494315174,0.09785826819427391,upper,False,False,False,False,False,Q:upper|Nmin:0|Nmax:0|Dmin:0|Dmax:0
49,1e+19,2048,exponential,0.4,0.12958939841429487,10.0,0.5551384252461048,3.297012440465866,7.775363904857692e+18,5.307981759049518e+17,1.693837919237355e+18,9.999999999999998e+18,2.220446049250313e-16,0.7775363904857694,0.05307981759049519,0.1693837919237355,interior,False,False,True,False,False,Q:interior|Nmin:0|Nmax:0|Dmin:1|Dmax:0
49,1e+21,2048,exponential,0.4,2.323339705587983,53.14700885449252,1.0,2.375785854676268,7.408713354292716e+20,5.057681649863827e+19,2.0855184807209035e+20,1e+21,0.0,0.7408713354292715,0.050576816498638266,0.20855184807209035,upper,False,False,False,False,False,Q:upper|Nmin:0|Nmax:0|Dmin:0|Dmax:0
49,1e+22,2048,exponential,0.4,5.644234273298345,249.3682245479435,1.0,2.163283207471622,8.444956077990362e+21,5.765090015908088e+20,9.785349204188287e+20,1e+22,0.0,0.8444956077990362,0.05765090015908088,0.09785349204188287,upper,False,False,False,False,False,Q:upper|Nmin:0|Nmax:0|Dmin:0|Dmax:0
52,1e+19,2048,exponential,0.4,0.128790481566212,10.0,0.558163061962163,3.3203774747152255,7.727428893972721e+18,5.275258124952044e+17,1.745045293532074e+18,9.999999999999998e+18,2.220446049250313e-16,0.7727428893972721,0.052752581249520446,0.17450452935320743,interior,False,False,True,False,False,Q:interior|Nmin:0|Nmax:0|Dmin:1|Dmax:0
52,1e+21,2048,exponential,0.4,2.3232040385096084,53.1494651642074,1.0,2.392619291839948,7.408623126846742e+20,5.057620054594043e+19,2.0856148676938518e+20,1e+21,0.0,0.7408623126846743,0.05057620054594043,0.20856148676938518,upper,False,False,False,False,False,Q:upper|Nmin:0|Nmax:0|Dmin:0|Dmax:0
52,1e+22,2048,exponential,0.4,5.643697757793658,249.38961070122383,1.0,2.1801129102310797,8.44487752038918e+21,5.765036387252348e+20,9.78618840885585e+20,1e+22,0.0,0.844487752038918,0.05765036387252348,0.09786188408855849,upper,False,False,False,False,False,Q:upper|Nmin:0|Nmax:0|Dmin:0|Dmax:0
56,1e+19,2048,exponential,0.4,0.12963768060537917,10.0,0.5549538617698297,3.3003169369572403,7.778260836322751e+18,5.309959397596331e+17,1.6907432239176159e+18,9.999999999999998e+18,2.220446049250313e-16,0.7778260836322752,0.05309959397596332,0.16907432239176162,interior,False,False,True,False,False,Q:interior|Nmin:0|Nmax:0|Dmin:1|Dmax:0
56,1e+21,2048,exponential,0.4,2.3232363411130357,53.148880291344334,1.0,2.3794775397895727,7.408644610939052e+20,5.0576347210677264e+19,2.0855919169541757e+20,1e+21,0.0,0.7408644610939052,0.05057634721067727,0.20855919169541756,upper,False,False,False,False,False,Q:upper|Nmin:0|Nmax:0|Dmin:0|Dmax:0
56,1e+22,2048,exponential,0.4,5.644329656643692,249.36442283708524,1.0,2.1669960938488577,8.444970042787187e+21,5.765099549209386e+20,9.785200022918745e+20,1e+22,0.0,0.8444970042787187,0.05765099549209386,0.09785200022918746,upper,False,False,False,False,False,Q:upper|Nmin:0|Nmax:0|Dmin:0|Dmax:0
60,1e+19,2048,exponential,0.4,0.12879712617219252,10.0,0.5581381310272558,3.3019289218234333,7.727827570331553e+18,5.275530288013006e+17,1.7446194008671462e+18,9.999999999999998e+18,2.220446049250313e-16,0.7727827570331554,0.05275530288013007,0.17446194008671465,interior,False,False,True,False,False,Q:interior|Nmin:0|Nmax:0|Dmin:1|Dmax:0
60,1e+21,2048,exponential,0.4,2.3229783277991163,53.15355225502256,1.0,2.374162886899584,7.408472996037316e+20,5.0575175652948074e+19,2.0857752474332037e+20,1e+21,0.0,0.7408472996037315,0.05057517565294808,0.20857752474332036,upper,False,False,False,False,False,Q:upper|Nmin:0|Nmax:0|Dmin:0|Dmax:0
60,1e+22,2048,exponential,0.4,5.642633635857865,249.4320387360992,1.0,2.1616614853013627,8.444721669797492e+21,5.764929993248421e+20,9.787853308776662e+20,1e+22,0.0,0.8444721669797491,0.05764929993248421,0.09787853308776662,upper,False,False,False,False,False,Q:upper|Nmin:0|Nmax:0|Dmin:0|Dmax:0
64,1e+19,2048,exponential,0.4,0.1296820248182022,10.0,0.5547841713610204,3.3026986383020387,7.780921489092133e+18,5.311775736553563e+17,1.68790093725251e+18,9.999999999999998e+18,2.220446049250313e-16,0.7780921489092134,0.05311775736553563,0.16879009372525103,interior,False,False,True,False,False,Q:interior|Nmin:0|Nmax:0|Dmin:1|Dmax:0
64,1e+21,2048,exponential,0.4,2.3227315691190618,53.158021194425324,1.0,2.382095365613316,7.408308838811512e+20,5.057405500628659e+19,2.0859506111256212e+20,1e+21,0.0,0.7408308838811513,0.050574055006286596,0.20859506111256212,upper,False,False,False,False,False,Q:upper|Nmin:0|Nmax:0|Dmin:0|Dmax:0
64,1e+22,2048,exponential,0.4,5.641356781824676,249.4829677559744,1.0,2.1695810923966765,8.44453459259948e+21,5.764802281881245e+20,9.789851792123966e+20,1e+22,0.0,0.844453459259948,0.05764802281881245,0.09789851792123966,upper,False,False,False,False,False,Q:upper|Nmin:0|Nmax:0|Dmin:0|Dmax:0
68,1e+19,2048,exponential,0.4,0.12957547763295263,9.999999999999998,0.5551916008801558,3.2974559887982986,7.774528657977158e+18,5.3074115638457395e+17,1.6947301856382702e+18,1.0000000000000002e+19,0.0,0.7774528657977156,0.05307411563845738,0.169473018563827,interior,False,False,True,False,False,Q:interior|Nmin:0|Nmax:0|Dmin:1|Dmax:0
68,1e+21,2048,exponential,0.4,2.3232655403634643,53.14835161905217,1.0,2.3760898803819055,7.408664030619879e+20,5.0576479782365045e+19,2.08557117155647e+20,1e+21,0.0,0.7408664030619879,0.05057647978236504,0.208557117155647,upper,False,False,False,False,False,Q:upper|Nmin:0|Nmax:0|Dmin:0|Dmax:0
68,1e+22,2048,exponential,0.4,5.643922138900138,249.38066615421428,1.0,2.1635718814331817,8.444910376328606e+21,5.765058816906996e+20,9.785837419806942e+20,1e+22,0.0,0.8444910376328606,0.05765058816906996,0.09785837419806942,upper,False,False,False,False,False,Q:upper|Nmin:0|Nmax:0|Dmin:0|Dmax:0
71,1e+19,2048,exponential,0.4,0.12942960039561213,10.000000000000002,0.5557478155395552,3.3005699849407195,7.76577602373673e+18,5.301436432204274e+17,1.7040803330428424e+18,9.999999999999998e+18,2.220446049250313e-16,0.7765776023736731,0.05301436432204275,0.17040803330428428,interior,False,False,True,False,False,Q:interior|Nmin:0|Nmax:0|Dmin:1|Dmax:0
71,1e+21,2048,exponential,0.4,2.3226653103069603,53.15922130700958,1.0,2.377930695582589,7.408264755163308e+20,5.057375406191485e+19,2.0859977042175443e+20,1e+21,0.0,0.7408264755163307,0.05057375406191485,0.20859977042175443,upper,False,False,False,False,False,Q:upper|Nmin:0|Nmax:0|Dmin:0|Dmax:0
71,1e+22,2048,exponential,0.4,5.641198937087262,249.4892650475138,1.0,2.1654090356712206,8.444511460804302e+21,5.7647864905757386e+20,9.790098901381231e+20,9.999999999999998e+21,2.220446049250313e-16,0.8444511460804304,0.05764786490575739,0.09790098901381233,upper,False,False,False,False,False,Q:upper|Nmin:0|Nmax:0|Dmin:0|Dmax:0
75,1e+19,2048,exponential,0.4,0.12783976962822577,10.0,0.5616922883124138,3.315781526606279,7.670386177693546e+18,5.236316963972128e+17,1.8059821259092408e+18,1e+19,0.0,0.7670386177693546,0.05236316963972128,0.18059821259092407,interior,False,False,True,False,False,Q:interior|Nmin:0|Nmax:0|Dmin:1|Dmax:0
75,1e+21,2048,exponential,0.4,2.3225348151221903,53.16158505921048,1.0,2.3800559813795354,7.408177927625761e+20,5.057316131925853e+19,2.0860904591816537e+20,1e+21,0.0,0.7408177927625761,0.05057316131925853,0.20860904591816537,upper,False,False,False,False,False,Q:upper|Nmin:0|Nmax:0|Dmin:0|Dmax:0
75,1e+22,2048,exponential,0.4,5.640252931906042,249.52701304124093,1.0,2.1675367451052714,8.444372801373699e+21,5.764691832404446e+20,9.791580153858555e+20,1e+22,0.0,0.84443728013737,0.05764691832404446,0.09791580153858555,upper,False,False,False,False,False,Q:upper|Nmin:0|Nmax:0|Dmin:0|Dmax:0
79,1e+19,2048,exponential,0.4,0.12812460614406443,10.0,0.5606427388828253,3.3176480590594872,7.687476368643866e+18,5.2479838676608794e+17,1.7877252445900447e+18,9.999999999999998e+18,2.220446049250313e-16,0.7687476368643867,0.052479838676608805,0.1787725244590045,interior,False,False,True,False,False,Q:interior|Nmin:0|Nmax:0|Dmin:1|Dmax:0
79,1e+21,2048,exponential,0.4,2.322755564479039,53.15758659188704,1.0,2.384205091119637,7.408324803034918e+20,5.057416398871839e+19,2.085933557077898e+20,1e+21,0.0,0.7408324803034918,0.05057416398871838,0.2085933557077898,upper,False,False,False,False,False,Q:upper|Nmin:0|Nmax:0|Dmin:0|Dmax:0
79,1e+22,2048,exponential,0.4,5.640776088158757,249.5061363750528,1.0,2.1716994535917746,8.444449487479654e+21,5.764744183452778e+20,9.790760941750675e+20,9.999999999999998e+21,2.220446049250313e-16,0.8444449487479655,0.05764744183452779,0.09790760941750676,upper,False,False,False,False,False,Q:upper|Nmin:0|Nmax:0|Dmin:0|Dmax:0
83,1e+19,2048,exponential,0.4,0.12880457340462134,10.0,0.5581101841598778,3.305250148540405,7.728274404277281e+18,5.27583532665329e+17,1.7441420630573898e+18,9.999999999999998e+18,2.220446049250313e-16,0.7728274404277281,0.052758353266532915,0.174414206305739,interior,False,False,True,False,False,Q:interior|Nmin:0|Nmax:0|Dmin:1|Dmax:0
83,1e+21,2048,exponential,0.4,2.3213996349162493,53.1821562579723,1.0,2.377238445545393,7.40742228727895e+20,5.056800281449097e+19,2.086897684576141e+20,1e+21,0.0,0.740742228727895,0.05056800281449097,0.20868976845761408,upper,False,False,False,False,False,Q:upper|Nmin:0|Nmax:0|Dmin:0|Dmax:0
83,1e+22,2048,exponential,0.4,5.6345187016252,249.75606798715734,1.0,2.1647474837284886,8.443531415508076e+21,5.7641174463201804e+20,9.800568398599046e+20,1e+22,0.0,0.8443531415508077,0.05764117446320181,0.09800568398599045,upper,False,False,False,False,False,Q:upper|Nmin:0|Nmax:0|Dmin:0|Dmax:0
87,1e+19,2048,exponential,0.4,0.12812836574260095,10.000000000000002,0.5606288414376697,3.3128928043300494,7.687701944556059e+18,5.2481378608169363e+17,1.787484269362248e+18,1e+19,0.0,0.7687701944556058,0.05248137860816936,0.1787484269362248,interior,False,False,True,False,False,Q:interior|Nmin:0|Nmax:0|Dmin:1|Dmax:0
87,1e+21,2048,exponential,0.4,2.3233165776941904,53.147427578718,1.0,2.3796692464667957,7.408697973326217e+20,5.057671149790698e+19,2.0855349116947133e+20,1e+21,0.0,0.7408697973326217,0.050576711497906976,0.20855349116947133,upper,False,False,False,False,False,Q:upper|Nmin:0|Nmax:0|Dmin:0|Dmax:0
87,1e+22,2048,exponential,0.4,5.644097365764123,249.3736814983426,1.0,2.1671571495883235,8.444936033014182e+21,5.7650763318710154e+20,9.785563337987178e+20,1.0000000000000002e+22,0.0,0.844493603301418,0.05765076331871014,0.09785563337987176,upper,False,False,False,False,False,Q:upper|Nmin:0|Nmax:0|Dmin:0|Dmax:0
90,1e+19,2048,exponential,0.4,0.1276816872084179,10.0,0.562271942054881,3.317499176987255,7.660901232505075e+18,5.2298419080567974e+17,1.8161145766892452e+18,1e+19,0.0,0.7660901232505074,0.052298419080567975,0.1816114576689245,interior,False,False,True,False,False,Q:interior|Nmin:0|Nmax:0|Dmin:1|Dmax:0
90,1e+21,2048,exponential,0.4,2.3229525019376043,53.15401994079053,1.0,2.380587875830634,7.40845581657004e+20,5.057505837445149e+19,2.0857935996854433e+20,1e+21,0.0,0.7408455816570041,0.05057505837445148,0.20857935996854432,upper,False,False,False,False,False,Q:upper|Nmin:0|Nmax:0|Dmin:0|Dmax:0
90,1e+22,2048,exponential,0.4,5.642705105976801,249.42918866993045,1.0,2.16808170617059,8.444732138924806e+21,5.764937140172667e+20,9.787741470579285e+20,1e+22,0.0,0.8444732138924806,0.05764937140172667,0.09787741470579285,upper,False,False,False,False,False,Q:upper|Nmin:0|Nmax:0|Dmin:0|Dmax:0
94,1e+19,2048,exponential,0.4,0.12753921200237145,10.0,0.5627926458791728,3.3158332881839563,7.652352720142287e+18,5.224006123617134e+17,1.8252466674959995e+18,9.999999999999998e+18,2.220446049250313e-16,0.7652352720142288,0.05224006123617135,0.18252466674959997,interior,False,False,True,False,False,Q:interior|Nmin:0|Nmax:0|Dmin:1|Dmax:0
94,1e+21,2048,exponential,0.4,2.3232765459322264,53.148152358472196,1.0,2.377742931765653,7.40867135004426e+20,5.057652974963548e+19,2.085563352459385e+20,1e+21,0.0,0.740867135004426,0.05057652974963548,0.2085563352459385,upper,False,False,False,False,False,Q:upper|Nmin:0|Nmax:0|Dmin:0|Dmax:0
94,1e+22,2048,exponential,0.4,5.644431022868928,249.36038279257477,1.0,2.165245706892244,8.444984883053282e+21,5.7651096801643744e+20,9.785041489302816e+20,1.0000000000000002e+22,0.0,0.844498488305328,0.05765109680164373,0.09785041489302815,upper,False,False,False,False,False,Q:upper|Nmin:0|Nmax:0|Dmin:0|Dmax:0
98,1e+19,2048,exponential,0.4,0.12855369408986592,10.000000000000002,0.5590490761872057,3.3040438416750657,7.713221645391956e+18,5.26555930992091e+17,1.760222423615952e+18,9.999999999999998e+18,2.220446049250313e-16,0.7713221645391958,0.05265559309920911,0.17602224236159522,interior,False,False,True,False,False,Q:interior|Nmin:0|Nmax:0|Dmin:1|Dmax:0
98,1e+21,2048,exponential,0.4,2.3235722987925627,53.14279818459875,1.0,2.3743522879977683,7.408868024523442e+20,5.0577872380746695e+19,2.0853532516690916e+20,1e+21,0.0,0.7408868024523442,0.050577872380746694,0.20853532516690915,upper,False,False,False,False,False,Q:upper|Nmin:0|Nmax:0|Dmin:0|Dmax:0
98,1e+22,2048,exponential,0.4,5.645301279605396,249.32570329235332,1.0,2.161842495303932,8.445112271009025e+21,5.765196643675494e+20,9.783680646234263e+20,1e+22,0.0,0.8445112271009025,0.057651966436754944,0.09783680646234263,upper,False,False,False,False,False,Q:upper|Nmin:0|Nmax:0|Dmin:0|Dmax:0
102,1e+19,2048,exponential,0.4,0.12739058470946046,10.000000000000002,0.5633341055957783,3.314053508920486,7.643435082567629e+18,5.217918349699503e+17,1.8347730824624202e+18,9.999999999999998e+18,2.220446049250313e-16,0.764343508256763,0.05217918349699503,0.18347730824624206,interior,False,False,True,False,False,Q:interior|Nmin:0|Nmax:0|Dmin:1|Dmax:0
102,1e+21,2048,exponential,0.4,2.3233973240299033,53.145965716968966,1.0,2.374691428363315,7.40875167178744e+20,5.057707807940227e+19,2.0854775474185372e+20,1e+21,0.0,0.740875167178744,0.05057707807940227,0.20854775474185372,upper,False,False,False,False,False,Q:upper|Nmin:0|Nmax:0|Dmin:0|Dmax:0
102,1e+22,2048,exponential,0.4,5.644378053641882,249.36249391370117,1.0,2.1621782154589257,8.444977128287414e+21,5.765104386244209e+20,9.785124330881656e+20,1e+22,0.0,0.8444977128287414,0.05765104386244209,0.09785124330881656,upper,False,False,False,False,False,Q:upper|Nmin:0|Nmax:0|Dmin:0|Dmax:0
105,1e+19,2048,exponential,0.4,0.12928912220461672,9.999999999999998,0.5562816954224804,3.3071347846765566,7.757347332277002e+18,5.295682445501101e+17,1.7130844231728873e+18,1e+19,0.0,0.7757347332277003,0.05295682445501101,0.17130844231728873,interior,False,False,True,False,False,Q:interior|Nmin:0|Nmax:0|Dmin:1|Dmax:0
105,1e+21,2048,exponential,0.4,2.3225568618100794,53.161185697097324,1.0,2.383361448645627,7.408192597365195e+20,5.0573261464679735e+19,2.0860747879880075e+20,1e+21,0.0,0.7408192597365195,0.050573261464679733,0.20860747879880073,upper,False,False,False,False,False,Q:upper|Nmin:0|Nmax:0|Dmin:0|Dmax:0
105,1e+22,2048,exponential,0.4,5.640964742229151,249.49860894952823,1.0,2.170833523137235,8.444477137917044e+21,5.7647630594847035e+20,9.790465561344853e+20,9.999999999999998e+21,2.220446049250313e-16,0.8444477137917046,0.057647630594847045,0.09790465561344854,upper,False,False,False,False,False,Q:upper|Nmin:0|Nmax:0|Dmin:0|Dmax:0
109,1e+19,2048,exponential,0.4,0.13047463335243784,10.0,0.5517216139332245,3.3018666158559613,7.828478001146271e+18,5.344240982115855e+17,1.637097900642144e+18,1e+19,0.0,0.7828478001146271,0.05344240982115855,0.1637097900642144,interior,False,False,True,False,False,Q:interior|Nmin:0|Nmax:0|Dmin:1|Dmax:0
109,1e+21,2048,exponential,0.4,2.322928291198712,53.154458385449395,1.0,2.3877296524652536,7.408439711214301e+20,5.05749484285563e+19,2.0858108045001363e+20,1e+21,0.0,0.7408439711214301,0.050574948428556296,0.20858108045001364,upper,False,False,False,False,False,Q:upper|Nmin:0|Nmax:0|Dmin:0|Dmax:0
109,1e+22,2048,exponential,0.4,5.6427017111660955,249.42932404580478,1.0,2.1752122016865756,8.444731641649591e+21,5.764936800699454e+20,9.787746782804636e+20,1.0000000000000002e+22,0.0,0.844473164164959,0.05764936800699453,0.09787746782804635,upper,False,False,False,False,False,Q:upper|Nmin:0|Nmax:0|Dmin:0|Dmax:0
113,1e+19,2048,exponential,0.4,0.12953403779259465,10.0,0.5553497955088489,3.301099315937973,7.772042267555679e+18,5.3057141879846765e+17,1.6973863136458527e+18,9.999999999999998e+18,2.220446049250313e-16,0.777204226755568,0.053057141879846774,0.1697386313645853,interior,False,False,True,False,False,Q:interior|Nmin:0|Nmax:0|Dmin:1|Dmax:0
113,1e+21,2048,exponential,0.4,2.3227154865808104,53.15831248438296,1.0,2.379301847242486,7.4082981388787e+20,5.057398196141193e+19,2.08596204150718e+20,1e+21,0.0,0.7408298138878701,0.050573981961411926,0.208596204150718,upper,False,False,False,False,False,Q:upper|Nmin:0|Nmax:0|Dmin:0|Dmax:0
113,1e+22,2048,exponential,0.4,5.641722802163891,249.4683664221024,1.0,2.166784402158817,8.444588227572913e+21,5.764838896689776e+20,9.789278827581097e+20,1e+22,0.0,0.8444588227572913,0.05764838896689776,0.09789278827581097,upper,False,False,False,False,False,Q:upper|Nmin:0|Nmax:0|Dmin:0|Dmax:0
117,1e+19,2048,exponential,0.4,0.12874399451130672,9.999999999999998,0.5583373797668866,3.3034702708862644,7.724639670678402e+18,5.2733540151831226e+17,1.7480249278032863e+18,1e+19,0.0,0.7724639670678402,0.05273354015183123,0.1748024927803286,interior,False,False,True,False,False,Q:interior|Nmin:0|Nmax:0|Dmin:1|Dmax:0
117,1e+21,2048,exponential,0.4,2.3230201826531305,53.152794314452976,1.0,2.3753556474976802,7.40850083741309e+20,5.057536571674002e+19,2.0857455054195094e+20,1e+21,0.0,0.740850083741309,0.050575365716740026,0.20857455054195095,upper,False,False,False,False,False,Q:upper|Nmin:0|Nmax:0|Dmin:0|Dmax:0
117,1e+22,2048,exponential,0.4,5.643255031760436,249.4072610559544,1.0,2.1628694546859957,8.44481268546962e+21,5.764992126613927e+20,9.786881018689879e+20,1e+22,0.0,0.8444812685469619,0.05764992126613927,0.09786881018689879,upper,False,False,False,False,False,Q:upper|Nmin:0|Nmax:0|Dmin:0|Dmax:0
121,1e+19,2048,exponential,0.4,0.12828271165757127,10.0,0.5600572954392311,3.31453463804613,7.696962699454276e+18,5.25445986949412e+17,1.7775913135963118e+18,1e+19,0.0,0.7696962699454275,0.0525445986949412,0.17775913135963117,interior,False,False,True,False,False,Q:interior|Nmin:0|Nmax:0|Dmin:1|Dmax:0
121,1e+21,2048,exponential,0.4,2.3238046783732513,53.1385920481951,1.0,2.3826160039374837,7.409022528225806e+20,5.0578927126021505e+19,2.0851882005139784e+20,1e+21,0.0,0.7409022528225806,0.0505789271260215,0.20851882005139782,upper,False,False,False,False,False,Q:upper|Nmin:0|Nmax:0|Dmin:0|Dmax:0
121,1e+22,2048,exponential,0.4,5.64627545500961,249.28689410155408,1.0,2.170114042333351,8.445254828527108e+21,5.7652939629411736e+20,9.782157751787743e+20,1e+22,0.0,0.8445254828527109,0.05765293962941174,0.09782157751787743,upper,False,False,False,False,False,Q:upper|Nmin:0|Nmax:0|Dmin:0|Dmax:0
124,1e+19,2048,exponential,0.4,0.12813937401647013,10.000000000000002,0.5605881424268016,3.3087641713823097,7.688362440988209e+18,5.248588759714618e+17,1.7867786830403282e+18,1e+19,0.0,0.7688362440988209,0.05248588759714618,0.17867786830403282,interior,False,False,True,False,False,Q:interior|Nmin:0|Nmax:0|Dmin:1|Dmax:0
124,1e+21,2048,exponential,0.4,2.3229302641993126,53.154422655101264,1.0,2.3756550719688043,7.408441023694579e+20,5.057495738842166e+19,2.0858094024212054e+20,1e+21,0.0,0.7408441023694579,0.05057495738842166,0.20858094024212054,upper,False,False,False,False,False,Q:upper|Nmin:0|Nmax:0|Dmin:0|Dmax:0
124,1e+22,2048,exponential,0.4,5.642674088987484,249.4304255490836,1.0,2.163160042345969,8.444727595505613e+21,5.7649340385318325e+20,9.787790006412024e+20,9.999999999999998e+21,2.220446049250313e-16,0.8444727595505614,0.05764934038531833,0.09787790006412025,upper,False,False,False,False,False,Q:upper|Nmin:0|Nmax:0|Dmin:0|Dmax:0
128,1e+19,2048,exponential,0.4,0.12900755958268145,10.0,0.5573466375794464,3.3109629884066787,7.740453574960888e+18,5.2841496405066323e+17,1.7311314609884495e+18,1e+19,0.0,0.7740453574960887,0.05284149640506632,0.17311314609884496,interior,False,False,True,False,False,Q:interior|Nmin:0|Nmax:0|Dmin:1|Dmax:0
128,1e+21,2048,exponential,0.4,2.3231248533267275,53.15089895030341,1.0,2.384981710389569,7.408570459686438e+20,5.057584100479276e+19,2.0856711302656334e+20,1e+21,0.0,0.7408570459686439,0.05057584100479276,0.20856711302656333,upper,False,False,False,False,False,Q:upper|Nmin:0|Nmax:0|Dmin:0|Dmax:0
128,1e+22,2048,exponential,0.4,5.643355549060709,249.40325346903077,1.0,2.1724701538532596,8.444827406509494e+21,5.7650021761771484e+20,9.78672375872789e+20,9.999999999999998e+21,2.220446049250313e-16,0.8444827406509496,0.057650021761771496,0.09786723758727892,upper,False,False,False,False,False,Q:upper|Nmin:0|Nmax:0|Dmin:0|Dmax:0
132,1e+19,2048,exponential,0.4,0.1306813153837746,10.0,0.5509136784087706,3.297026955081576,7.840878923026475e+18,5.3527066781194074e+17,1.6238504091615844e+18,1e+19,0.0,0.7840878923026475,0.05352706678119407,0.16238504091615844,interior,False,False,True,False,False,Q:interior|Nmin:0|Nmax:0|Dmin:1|Dmax:0
132,1e+21,2048,exponential,0.4,2.322981780048356,53.15348973816398,1.0,2.3844394464010605,7.408475292464531e+20,5.0575191329891205e+19,2.0857727942365564e+20,1e+21,0.0,0.7408475292464531,0.0505751913298912,0.20857727942365564,upper,False,False,False,False,False,Q:upper|Nmin:0|Nmax:0|Dmin:0|Dmax:0
132,1e+22,2048,exponential,0.4,5.641950450881774,249.45928589008008,1.0,2.1718939998574873,8.444621583025096e+21,5.7648616673451324e+20,9.788922502403904e+20,1e+22,0.0,0.8444621583025096,0.05764861667345132,0.09788922502403904,upper,False,False,False,False,False,Q:upper|Nmin:0|Nmax:0|Dmin:0|Dmax:0
136,1e+19,2048,exponential,0.4,0.1287342893860491,9.999999999999998,0.5583737491870968,3.3080818166525283,7.724057363162946e+18,5.272956493252572e+17,1.748646987511798e+18,1e+19,0.0,0.7724057363162945,0.052729564932525716,0.1748646987511798,interior,False,False,True,False,False,Q:interior|Nmin:0|Nmax:0|Dmin:1|Dmax:0
136,1e+21,2048,exponential,0.4,2.323292004564704,53.147872475771884,1.0,2.3798744152878095,7.40868163095512e+20,5.057659993398695e+19,2.0855523697050114e+20,1e+21,0.0,0.740868163095512,0.05057659993398695,0.20855523697050113,upper,False,False,False,False,False,Q:upper|Nmin:0|Nmax:0|Dmin:0|Dmax:0
136,1e+22,2048,exponential,0.4,5.6441064228916,249.373320486031,1.0,2.167372373290183,8.444937359118077e+21,5.7650772371579404e+20,9.785549171661286e+20,1e+22,0.0,0.8444937359118077,0.05765077237157941,0.09785549171661286,upper,False,False,False,False,False,Q:upper|Nmin:0|Nmax:0|Dmin:0|Dmax:0
140,1e+19,2048,exponential,0.4,0.12846633697752247,9.999999999999998,0.5593747643472582,3.3062262352264407,7.707980218651346e+18,5.2619811625993197e+17,1.7658216650887212e+18,9.999999999999998e+18,2.220446049250313e-16,0.7707980218651347,0.052619811625993204,0.17658216650887215,interior,False,False,True,False,False,Q:interior|Nmin:0|Nmax:0|Dmin:1|Dmax:0
140,1e+21,2048,exponential,0.4,2.323194778431109,53.149632830114626,1.0,2.3758198404664306,7.408616967987178e+20,5.0576158501459124e+19,2.0856214469982316e+20,1e+21,0.0,0.7408616967987177,0.05057615850145913,0.20856214469982315,upper,False,False,False,False,False,Q:upper|Nmin:0|Nmax:0|Dmin:0|Dmax:0
140,1e+22,2048,exponential,0.4,5.643736470404003,249.38806744722498,1.0,2.163314099174621,8.444883189212864e+21,5.7650402571693136e+20,9.786127850702071e+20,1e+22,0.0,0.8444883189212863,0.05765040257169314,0.09786127850702071,upper,False,False,False,False,False,Q:upper|Nmin:0|Nmax:0|Dmin:0|Dmax:0
143,1e+19,2048,exponential,0.4,0.12829320300018077,10.0,0.5600183745550614,3.3131214816122156,7.697592180010846e+18,5.254889594887405e+17,1.776918860500414e+18,1.0000000000000002e+19,0.0,0.7697592180010845,0.05254889594887404,0.17769188605004135,interior,False,False,True,False,False,Q:interior|Nmin:0|Nmax:0|Dmin:1|Dmax:0
143,1e+21,2048,exponential,0.4,2.3229752515953903,53.15360796218844,1.0,2.381276008986095,7.408470949750045e+20,5.057516168362698e+19,2.085777433413684e+20,1e+21,0.0,0.7408470949750046,0.05057516168362698,0.20857774334136842,upper,False,False,False,False,False,Q:upper|Nmin:0|Nmax:0|Dmin:0|Dmax:0
143,1e+22,2048,exponential,0.4,5.643159050301357,249.41108792080578,1.0,2.1687794325800533,8.444798628274814e+21,5.764982530235607e+20,9.78703118701624e+20,9.999999999999998e+21,2.220446049250313e-16,0.8444798628274816,0.05764982530235608,0.09787031187016243,upper,False,False,False,False,False,Q:upper|Nmin:0|Nmax:0|Dmin:0|Dmax:0
147,1e+19,2048,exponential,0.4,0.12813543266303132,10.000000000000002,0.5606027152619094,3.312499767304303,7.688125959781881e+18,5.2484273218777645e+17,1.787031308030343e+18,9.999999999999998e+18,2.220446049250313e-16,0.7688125959781882,0.05248427321877765,0.17870313080303432,interior,False,False,True,False,False,Q:interior|Nmin:0|Nmax:0|Dmin:1|Dmax:0
147,1e+21,2048,exponential,0.4,2.3230550715328793,53.15216253573504,1.0,2.3793364362007168,7.40852404449475e+20,5.057552414375084e+19,2.0857207140677406e+20,1e+21,0.0,0.7408524044494751,0.05057552414375084,0.20857207140677406,upper,False,False,False,False,False,Q:upper|Nmin:0|Nmax:0|Dmin:0|Dmax:0
147,1e+22,2048,exponential,0.4,5.643282140156957,249.40618024170632,1.0,2.1668128266515616,8.44481665561673e+21,5.764994836901021e+20,9.786838606931678e+20,1e+22,0.0,0.844481665561673,0.057649948369010204,0.09786838606931678,upper,False,False,False,False,False,Q:upper|Nmin:0|Nmax:0|Dmin:0|Dmax:0
151,1e+19,2048,exponential,0.4,0.12870769050950348,10.0,0.5584733863425293,3.3133121795243374,7.722461430570208e+18,5.2718670032692634e+17,1.750351869102865e+18,1e+19,0.0,0.7722461430570209,0.052718670032692636,0.17503518691028647,interior,False,False,True,False,False,Q:interior|Nmin:0|Nmax:0|Dmin:1|Dmax:0
151,1e+21,2048,exponential,0.4,2.3229536580669303,53.15399900403395,1.0,2.3848709222122686,7.408456585638399e+20,5.05750636246248e+19,2.0857927781153545e+20,1.0000000000000003e+21,0.0,0.7408456585638398,0.050575063624624786,0.2085792778115354,upper,False,False,False,False,False,Q:upper|Nmin:0|Nmax:0|Dmin:0|Dmax:0
151,1e+22,2048,exponential,0.4,5.6429775724571645,249.41832392237524,1.0,2.172356386266584,8.444772048322918e+21,5.764964384988446e+20,9.787315131782368e+20,1e+22,0.0,0.8444772048322917,0.057649643849884455,0.09787315131782368,upper,False,False,False,False,False,Q:upper|Nmin:0|Nmax:0|Dmin:0|Dmax:0
155,1e+19,2048,exponential,0.4,0.12895458711959318,9.999999999999998,0.5575462347365289,3.308433825036431,7.73727522717559e+18,5.281979888418537e+17,1.7345267839825562e+18,1e+19,0.0,0.773727522717559,0.052819798884185365,0.1734526783982556,interior,False,False,True,False,False,Q:interior|Nmin:0|Nmax:0|Dmin:1|Dmax:0
155,1e+21,2048,exponential,0.4,2.322814662034028,53.15651625077536,1.0,2.382008623162803,7.408364119797067e+20,5.057443239114798e+19,2.0858915562914533e+20,1e+21,0.0,0.7408364119797066,0.05057443239114798,0.20858915562914532,upper,False,False,False,False,False,Q:upper|Nmin:0|Nmax:0|Dmin:0|Dmax:0
155,1e+22,2048,exponential,0.4,5.641761777107088,249.46681172897644,1.0,2.169486789734017,8.444593938415856e+21,5.764842795291892e+20,9.789217820549545e+20,1e+22,0.0,0.8444593938415856,0.057648427952918926,0.09789217820549545,upper,False,False,False,False,False,Q:upper|Nmin:0|Nmax:0|Dmin:0|Dmax:0
158,1e+19,2048,exponential,0.4,0.12800321574900567,10.000000000000002,0.5610908397260618,3.3140020764570997,7.680192944940341e+18,5.243011717079273e+17,1.7955058833517302e+18,9.999999999999998e+18,2.220446049250313e-16,0.7680192944940342,0.05243011717079274,0.17955058833517307,interior,False,False,True,False,False,Q:interior|Nmin:0|Nmax:0|Dmin:1|Dmax:0
158,1e+21,2048,exponential,0.4,2.322818486134169,53.15644699234583,1.0,2.379764252797638,7.408366663861917e+20,5.057444975863068e+19,2.085888838551775e+20,9.999999999999999e+20,1.1102230246251565e-16,0.7408366663861918,0.050574449758630693,0.20858888385517754,upper,False,False,False,False,False,Q:upper|Nmin:0|Nmax:0|Dmin:0|Dmax:0
158,1e+22,2048,exponential,0.4,5.641905768422483,249.46106814756934,1.0,2.1672660342624424,8.444615036271633e+21,5.764857198094769e+20,9.788992439188895e+20,1e+22,0.0,0.8444615036271633,0.057648571980947694,0.09788992439188896,upper,False,False,False,False,False,Q:upper|Nmin:0|Nmax:0|Dmin:0|Dmax:0
162,1e+19,2048,exponential,0.4,0.12815837885670525,10.0,0.5605178556786036,3.3092326515700075,7.689502731402315e+18,5.2493671979706477e+17,1.7855605488006188e+18,9.999999999999996e+18,4.440892098500626e-16,0.7689502731402317,0.052493671979706495,0.17855605488006193,interior,False,False,True,False,False,Q:interior|Nmin:0|Nmax:0|Dmin:1|Dmax:0
162,1e+21,2048,exponential,0.4,2.3230388483815996,53.152456307751,1.0,2.376282775550064,7.408513253388671e+20,5.057545047646666e+19,2.085732241846662e+20,9.999999999999999e+20,1.1102230246251565e-16,0.7408513253388672,0.050575450476466666,0.20857322418466623,upper,False,False,False,False,False,Q:upper|Nmin:0|Nmax:0|Dmin:0|Dmax:0
162,1e+22,2048,exponential,0.4,5.642986644141751,249.41796220035098,1.0,2.1637750587496964,8.444773377033796e+21,5.764965292055072e+20,9.787300937606954e+20,9.999999999999998e+21,2.220446049250313e-16,0.8444773377033797,0.05764965292055073,0.09787300937606955,upper,False,False,False,False,False,Q:upper|Nmin:0|Nmax:0|Dmin:0|Dmax:0
166,1e+19,2048,exponential,0.4,0.12940574516366696,9.999999999999998,0.5558385967105484,3.30916021347407,7.764344709820017e+18,5.3004593219037984e+17,1.7056093579896036e+18,1e+19,0.0,0.7764344709820016,0.053004593219037985,0.17056093579896034,interior,False,False,True,False,False,Q:interior|Nmin:0|Nmax:0|Dmin:1|Dmax:0
166,1e+21,2048,exponential,0.4,2.323501156567461,53.14408601221057,1.0,2.386452775272539,7.408820718845513e+20,5.057754944065204e+19,2.0854037867479666e+20,1e+21,0.0,0.7408820718845514,0.05057754944065204,0.20854037867479666,upper,False,False,False,False,False,Q:upper|Nmin:0|Nmax:0|Dmin:0|Dmax:0
166,1e+22,2048,exponential,0.4,5.645113062669919,249.33320286979878,1.0,2.1739543881152303,8.445084722865781e+21,5.765177837476373e+20,9.783974933865819e+20,1e+22,0.0,0.8445084722865781,0.05765177837476373,0.09783974933865819,upper,False,False,False,False,False,Q:upper|Nmin:0|Nmax:0|Dmin:0|Dmax:0
170,1e+19,2048,exponential,0.4,0.13004016344036817,9.999999999999998,0.5534073257500864,3.297001623576839,7.802409806422089e+18,5.3264450945174803e+17,1.6649456841261627e+18,1e+19,0.0,0.7802409806422088,0.0532644509451748,0.16649456841261628,interior,False,False,True,False,False,Q:interior|Nmin:0|Nmax:0|Dmin:1|Dmax:0
170,1e+21,2048,exponential,0.4,2.323236485003133,53.148877686090444,1.0,2.3793904187849435,7.408644706637652e+20,5.0576347863979704e+19,2.0855918147225495e+20,9.999999999999997e+20,2.220446049250313e-16,0.7408644706637653,0.05057634786397972,0.20855918147225502,upper,False,False,False,False,False,Q:upper|Nmin:0|Nmax:0|Dmin:0|Dmax:0
170,1e+22,2048,exponential,0.4,5.643475706138588,249.3984630205599,1.0,2.1668711573127926,8.444845003228996e+21,5.765014188870996e+20,9.786535778839042e+20,1e+22,0.0,0.8444845003228997,0.05765014188870996,0.09786535778839042,upper,False,False,False,False,False,Q:upper|Nmin:0|Nmax:0|Dmin:0|Dmax:0
174,1e+19,2048,exponential,0.4,0.12908901128879838,10.000000000000002,0.5570392651877197,3.307257025177127,7.745340677327905e+18,5.287485902389183e+17,1.7259107324331773e+18,1e+19,0.0,0.7745340677327904,0.05287485902389183,0.17259107324331774,interior,False,False,True,False,False,Q:interior|Nmin:0|Nmax:0|Dmin:1|Dmax:0
174,1e+21,2048,exponential,0.4,2.323137507921878,53.15066981155351,1.0,2.381857558219118,7.408578876623461e+20,5.057589846441617e+19,2.0856621387323772e+20,9.999999999999999e+20,1.1102230246251565e-16,0.7408578876623462,0.05057589846441617,0.20856621387323776,upper,False,False,False,False,False,Q:upper|Nmin:0|Nmax:0|Dmin:0|Dmax:0
174,1e+22,2048,exponential,0.4,5.6435446118887675,249.39571595417493,1.0,2.169358279694843,8.444855094007953e+21,5.76502107750943e+20,9.78642798241104e+20,1.0000000000000002e+22,0.0,0.8444855094007953,0.057650210775094295,0.09786427982411039,upper,False,False,False,False,False,Q:upper|Nmin:0|Nmax:0|Dmin:0|Dmax:0
177,1e+19,2048,exponential,0.4,0.12879263224835555,10.0,0.5581549928901258,3.308730842827014,7.727557934901333e+18,5.275346216892644e+17,1.7449074434094019e+18,9.999999999999998e+18,2.220446049250313e-16,0.7727557934901335,0.05275346216892644,0.1744907443409402,interior,False,False,True,False,False,Q:interior|Nmin:0|Nmax:0|Dmin:1|Dmax:0
177,1e+21,2048,exponential,0.4,2.3230660633900184,53.15196349486831,1.0,2.380961919208981,7.408531355848422e+20,5.0575574055925236e+19,2.0857129035923266e+20,1.0000000000000003e+21,0.0,0.7408531355848421,0.05057557405592522,0.2085712903592326,upper,False,False,False,False,False,Q:upper|Nmin:0|Nmax:0|Dmin:0|Dmax:0
177,1e+22,2048,exponential,0.4,5.6434284064641975,249.40034875228605,1.0,2.168435929456299,8.444838076384373e+21,5.765009460145065e+20,9.786609776011215e+20,1.0000000000000002e+22,0.0,0.8444838076384372,0.057650094601450645,0.09786609776011213,upper,False,False,False,False,False,Q:upper|Nmin:0|Nmax:0|Dmin:0|Dmax:0
181,1e+19,2048,exponential,0.4,0.12890140885695556,9.999999999999998,0.5577463671937004,3.302055734441589,7.734084531417333e+18,5.2798017067809e+17,1.737935297904577e+18,1e+19,0.0,0.7734084531417332,0.052798017067809,0.1737935297904577,interior,False,False,True,False,False,Q:interior|Nmin:0|Nmax:0|Dmin:1|Dmax:0
181,1e+21,2048,exponential,0.4,2.322985330428027,53.15342544441262,1.0,2.3752117147473673,7.40847765416222e+20,5.05752074524141e+19,2.0857702713136385e+20,9.999999999999999e+20,1.1102230246251565e-16,0.7408477654162221,0.0505752074524141,0.2085770271313639,upper,False,False,False,False,False,Q:upper|Nmin:0|Nmax:0|Dmin:0|Dmax:0
181,1e+22,2048,exponential,0.4,5.643342647249018,249.40376785220164,1.0,2.1627186058937884,8.444825517029538e+21,5.7650008862921654e+20,9.786743943412449e+20,1e+22,0.0,0.8444825517029537,0.05765000886292165,0.09786743943412449,upper,False,False,False,False,False,Q:upper|Nmin:0|Nmax:0|Dmin:0|Dmax:0
185,1e+19,2048,exponential,0.4,0.12868715853521587,9.999999999999998,0.5585502566772494,3.304905633633429,7.721229512112951e+18,5.2710260136024416e+17,1.7516678865268055e+18,1e+19,0.0,0.7721229512112951,0.052710260136024416,0.17516678865268054,interior,False,False,True,False,False,Q:interior|Nmin:0|Nmax:0|Dmin:1|Dmax:0
185,1e+21,2048,exponential,0.4,2.3227019218221874,53.158558174324256,1.0,2.37619087794664,7.40828911396797e+20,5.057392035135468e+19,2.0859716825184833e+20,1e+21,0.0,0.740828911396797,0.05057392035135468,0.20859716825184832,upper,False,False,False,False,False,Q:upper|Nmin:0|Nmax:0|Dmin:0|Dmax:0
185,1e+22,2048,exponential,0.4,5.6408269351635845,249.50410750031762,1.0,2.1636770873949764,8.444456940130453e+21,5.764749271129056e+20,9.790681327566425e+20,1e+22,0.0,0.8444456940130453,0.05764749271129056,0.09790681327566425,upper,False,False,False,False,False,Q:upper|Nmin:0|Nmax:0|Dmin:0|Dmax:0
189,1e+19,2048,exponential,0.4,0.12927301593837276,10.000000000000002,0.5563427972944472,3.3050474717164473,7.756380956302367e+18,5.29502273283575e+17,1.7141167704140572e+18,9.999999999999998e+18,2.220446049250313e-16,0.7756380956302368,0.0529502273283575,0.17141167704140572,interior,False,False,True,False,False,Q:interior|Nmin:0|Nmax:0|Dmin:1|Dmax:0
189,1e+21,2048,exponential,0.4,2.322846569013973,53.15593838772344,1.0,2.3812248622723486,7.408385346398492e+20,5.0574577298080375e+19,2.085868880620704e+20,9.999999999999999e+20,1.1102230246251565e-16,0.7408385346398493,0.05057457729808038,0.2085868880620704,upper,False,False,False,False,False,Q:upper|Nmin:0|Nmax:0|Dmin:0|Dmax:0
189,1e+22,2048,exponential,0.4,5.642222671973144,249.44842830740126,1.0,2.1687041080538165,8.44466146610452e+21,5.76488889419402e+20,9.78849644476076e+20,9.999999999999998e+21,2.220446049250313e-16,0.8444661466104522,0.05764888894194021,0.09788496444760762,upper,False,False,False,False,False,Q:upper|Nmin:0|Nmax:0|Dmin:0|Dmax:0
193,1e+19,2048,exponential,0.4,0.12878233391504076,10.0,0.5581936273178316,3.310661957249982,7.726940034902446e+18,5.274924397160069e+17,1.7455675253815465e+18,1e+19,0.0,0.7726940034902446,0.05274924397160069,0.17455675253815467,interior,False,False,True,False,False,Q:interior|Nmin:0|Nmax:0|Dmin:1|Dmax:0
193,1e+21,2048,exponential,0.4,2.323246844945745,53.14869011109655,1.0,2.382851011006539,7.408651596816252e+20,5.057639490093228e+19,2.085584454174426e+20,1e+21,0.0,0.7408651596816251,0.05057639490093228,0.20855844541744262,upper,False,False,False,False,False,Q:upper|Nmin:0|Nmax:0|Dmin:0|Dmax:0
193,1e+22,2048,exponential,0.4,5.644082586564355,249.37427059167413,1.0,2.170344940951225,8.444933869101934e+21,5.765074854640253e+20,9.785586454340408e+20,1e+22,0.0,0.8444933869101934,0.05765074854640253,0.09785586454340409,upper,False,False,False,False,False,Q:upper|Nmin:0|Nmax:0|Dmin:0|Dmax:0
196,1e+19,2048,exponential,0.4,0.1294329040617577,10.000000000000002,0.5557352395271409,3.3062906582988907,7.765974243705463e+18,5.301571750369596e+17,1.7038685812575767e+18,9.999999999999998e+18,2.220446049250313e-16,0.7765974243705465,0.05301571750369597,0.17038685812575768,interior,False,False,True,False,False,Q:interior|Nmin:0|Nmax:0|Dmin:1|Dmax:0
196,1e+21,2048,exponential,0.4,2.323196331980223,53.14960470098964,1.0,2.3837819641949443,7.408618001252279e+20,5.057616555521556e+19,2.0856203431955667e+20,1e+21,0.0,0.7408618001252278,0.05057616555521555,0.20856203431955667,upper,False,False,False,False,False,Q:upper|Nmin:0|Nmax:0|Dmin:0|Dmax:0
196,1e+22,2048,exponential,0.4,5.643614694252607,249.3929220417936,1.0,2.171279409763338,8.444865356865967e+21,5.765028083620501e+20,9.786318347719825e+20,1.0000000000000002e+22,0.0,0.8444865356865966,0.057650280836205006,0.09786318347719823,upper,False,False,False,False,False,Q:upper|Nmin:0|Nmax:0|Dmin:0|Dmax:0
200,1e+19,2048,exponential,0.4,0.12834239841000042,9.999999999999998,0.5598357476156769,3.3137252881014136,7.700543904600023e+18,5.2569046388736166e+17,1.7737656315126141e+18,1e+19,0.0,0.7700543904600023,0.05256904638873617,0.1773765631512614,interior,False,False,True,False,False,Q:interior|Nmin:0|Nmax:0|Dmin:1|Dmax:0
200,1e+21,2048,exponential,0.4,2.32273950093739,53.1578775330154,1.0,2.3821849346175843,7.408314115915627e+20,5.057409103131734e+19,2.0859449737712e+20,1e+21,0.0,0.7408314115915626,0.05057409103131734,0.20859449737712,upper,False,False,False,False,False,Q:upper|Nmin:0|Nmax:0|Dmin:0|Dmax:0
200,1e+22,2048,exponential,0.4,5.641850089288235,249.46328906709883,1.0,2.1696724294907,8.444606878184091e+21,5.7648516288403394e+20,9.789079589318749e+20,1e+22,0.0,0.8444606878184091,0.057648516288403395,0.09789079589318748,upper,False,False,False,False,False,Q:upper|Nmin:0|Nmax:0|Dmin:0|Dmax:0
204,1e+19,2048,exponential,0.4,0.12943892115387456,10.0,0.555712331921633,3.3064341074835095,7.766335269232474e+18,5.301818210462703e+17,1.7034829097212552e+18,1e+19,0.0,0.7766335269232474,0.053018182104627026,0.17034829097212553,interior,False,False,True,False,False,Q:interior|Nmin:0|Nmax:0|Dmin:1|Dmax:0
204,1e+21,2048,exponential,0.4,2.3231926252523074,53.14967181640193,1.0,2.3839837720012986,7.408615535906722e+20,5.057614872512323e+19,2.085622976842044e+20,9.999999999999999e+20,1.1102230246251565e-16,0.7408615535906723,0.050576148725123234,0.20856229768420442,upper,False,False,False,False,False,Q:upper|Nmin:0|Nmax:0|Dmin:0|Dmax:0
204,1e+22,2048,exponential,0.4,5.643751776362034,249.38745729004967,1.0,2.1714981742203276,8.444885430498772e+21,5.765041787220496e+20,9.78610390779178e+20,1e+22,0.0,0.8444885430498772,0.05765041787220496,0.0978610390779178,upper,False,False,False,False,False,Q:upper|Nmin:0|Nmax:0|Dmin:0|Dmax:0
208,1e+19,2048,exponential,0.4,0.12820970184272262,10.000000000000002,0.5603278965389065,3.3112715206114496,7.69258211056336e+18,5.2514693874779206e+17,1.7822709506888497e+18,1.0000000000000002e+19,0.0,0.7692582110563358,0.052514693874779195,0.17822709506888493,interior,False,False,True,False,False,Q:interior|Nmin:0|Nmax:0|Dmin:1|Dmax:0
208,1e+21,2048,exponential,0.4,2.322879481763318,53.15534232248027,1.0,2.3787059546857003,7.408407241619685e+20,5.0574726769457046e+19,2.0858454906857452e+20,1e+21,0.0,0.7408407241619684,0.05057472676945705,0.20858454906857452,upper,False,False,False,False,False,Q:upper|Nmin:0|Nmax:0|Dmin:0|Dmax:0
208,1e+22,2048,exponential,0.4,5.642500971997391,249.43732924248403,1.0,2.166176856674972,8.444702236218897e+21,5.7649167265920995e+20,9.788060911218938e+20,1.0000000000000002e+22,0.0,0.8444702236218895,0.05764916726592099,0.09788060911218938,upper,False,False,False,False,False,Q:upper|Nmin:0|Nmax:0|Dmin:0|Dmax:0
211,1e+19,2048,exponential,0.4,0.13054679951327647,9.999999999999998,0.5514399558105283,3.3026116972678317,7.832807970796586e+18,5.3471969080638035e+17,1.632472338397033e+18,9.999999999999998e+18,2.220446049250313e-16,0.7832807970796587,0.05347196908063804,0.16324723383970333,interior,False,False,True,False,False,Q:interior|Nmin:0|Nmax:0|Dmin:1|Dmax:0
211,1e+21,2048,exponential,0.4,2.3230486436723004,53.15227893231093,1.0,2.3890630200496914,7.408519768907801e+20,5.057549495574393e+19,2.0857252815347597e+20,9.999999999999999e+20,1.1102230246251565e-16,0.7408519768907802,0.050575494955743934,0.208572528153476,upper,False,False,False,False,False,Q:upper|Nmin:0|Nmax:0|Dmin:0|Dmax:0
211,1e+22,2048,exponential,0.4,5.643200432870505,249.40943794712226,1.0,2.1765549594905993,8.444804689111139e+21,5.764986667766537e+20,9.78696644112209e+20,1.0000000000000002e+22,0.0,0.8444804689111137,0.05764986667766536,0.09786966441122089,upper,False,False,False,False,False,Q:upper|Nmin:0|Nmax:0|Dmin:0|Dmax:0
215,1e+19,2048,exponential,0.4,0.1278111946312659,10.000000000000002,0.5617972159720812,3.3105183862362564,7.668671677875955e+18,5.2351465320966515e+17,1.807813668914379e+18,9.999999999999998e+18,2.220446049250313e-16,0.7668671677875956,0.052351465320966524,0.18078136689143795,interior,False,False,True,False,False,Q:interior|Nmin:0|Nmax:0|Dmin:1|Dmax:0
215,1e+21,2048,exponential,0.4,2.3235129498491927,53.14387252407659,1.0,2.3747018356858445,7.4088285608896e+20,5.057760297567301e+19,2.0853954093536703e+20,1e+21,0.0,0.74088285608896,0.05057760297567301,0.20853954093536703,upper,False,False,False,False,False,Q:upper|Nmin:0|Nmax:0|Dmin:0|Dmax:0
215,1e+22,2048,exponential,0.4,5.645156476453471,249.3314729905743,1.0,2.162211611918211,8.445091077218546e+21,5.765182175381194e+20,9.783907052433358e+20,1e+22,0.0,0.8445091077218546,0.057651821753811935,0.09783907052433358,upper,False,False,False,False,False,Q:upper|Nmin:0|Nmax:0|Dmin:0|Dmax:0
219,1e+19,2048,exponential,0.4,0.1289050658742692,10.0,0.5577326119719043,3.304780040991789,7.734303952456152e+18,5.279951498210067e+17,1.7377008977228408e+18,9.999999999999998e+18,2.220446049250313e-16,0.7734303952456153,0.05279951498210068,0.1737700897722841,interior,False,False,True,False,False,Q:interior|Nmin:0|Nmax:0|Dmin:1|Dmax:0
219,1e+21,2048,exponential,0.4,2.323294582903115,53.147825794548055,1.0,2.3779664751387886,7.408683345693117e+20,5.0576611639931675e+19,2.085550537907567e+20,1e+21,0.0,0.7408683345693117,0.05057661163993168,0.2085550537907567,upper,False,False,False,False,False,Q:upper|Nmin:0|Nmax:0|Dmin:0|Dmax:0
219,1e+22,2048,exponential,0.4,5.644371511169832,249.3627546704294,1.0,2.1654631800275688,8.444976170451623e+21,5.7651037323616413e+20,9.785134563122142e+20,1.0000000000000002e+22,0.0,0.8444976170451621,0.05765103732361641,0.0978513456312214,upper,False,False,False,False,False,Q:upper|Nmin:0|Nmax:0|Dmin:0|Dmax:0
223,1e+19,2048,exponential,0.4,0.12925777730138746,10.0,0.5564005870508326,3.3024183900092194,7.755466638083248e+18,5.294398558264831e+17,1.7150935060902692e+18,1e+19,0.0,0.7755466638083248,0.052943985582648304,0.17150935060902692,interior,False,False,True,False,False,Q:interior|Nmin:0|Nmax:0|Dmin:1|Dmax:0
223,1e+21,2048,exponential,0.4,2.3231015999652485,53.151320007737304,1.0,2.378480802205881,7.408554993014367e+20,5.057573541897808e+19,2.0856876527958517e+20,1e+21,0.0,0.7408554993014367,0.050575735418978085,0.20856876527958518,upper,False,False,False,False,False,Q:upper|Nmin:0|Nmax:0|Dmin:0|Dmax:0
223,1e+22,2048,exponential,0.4,5.643915370260477,249.3809359644077,1.0,2.165991148759627,8.444909385236787e+21,5.765058140321647e+20,9.785848007310488e+20,1.0000000000000002e+22,0.0,0.8444909385236786,0.05765058140321646,0.09785848007310487,upper,False,False,False,False,False,Q:upper|Nmin:0|Nmax:0|Dmin:0|Dmax:0
227,1e+19,2048,exponential,0.4,0.12878075405610653,10.000000000000002,0.5581995534017016,3.304852569369154,7.726845243366394e+18,5.274859686138125e+17,1.7456687880197932e+18,9.999999999999998e+18,2.220446049250313e-16,0.7726845243366396,0.05274859686138126,0.17456687880197935,interior,False,False,True,False,False,Q:interior|Nmin:0|Nmax:0|Dmin:1|Dmax:0
227,1e+21,2048,exponential,0.4,2.3234168128298793,53.1456128965196,1.0,2.3770284481429664,7.408764631915325e+20,5.05771665538753e+19,2.085463702545921e+20,1e+21,0.0,0.7408764631915326,0.0505771665538753,0.2085463702545921,upper,False,False,False,False,False,Q:upper|Nmin:0|Nmax:0|Dmin:0|Dmax:0
227,1e+22,2048,exponential,0.4,5.644776376921859,249.34661937060284,1.0,2.1645250420106517,8.445035440131031e+21,5.7651441937961176e+20,9.78450140489357e+20,1e+22,0.0,0.8445035440131031,0.05765144193796118,0.0978450140489357,upper,False,False,False,False,False,Q:upper|Nmin:0|Nmax:0|Dmin:0|Dmax:0
230,1e+19,2048,exponential,0.4,0.12978506883068144,10.000000000000002,0.5543891880657564,3.3000685108824728,7.787104129840889e+18,5.3159964193047136e+17,1.6812962282286397e+18,1e+19,0.0,0.7787104129840888,0.05315996419304713,0.16812962282286395,interior,False,False,True,False,False,Q:interior|Nmin:0|Nmax:0|Dmin:1|Dmax:0
230,1e+21,2048,exponential,0.4,2.3229961045709477,53.1532303366355,1.0,2.3804099875537585,7.408484821041996e+20,5.057525637831336e+19,2.0857626151748705e+20,1e+21,0.0,0.7408484821041996,0.05057525637831336,0.20857626151748704,upper,False,False,False,False,False,Q:upper|Nmin:0|Nmax:0|Dmin:0|Dmax:0
230,1e+22,2048,exponential,0.4,5.642934083074658,249.42005802142907,1.0,2.1679038021232606,8.444765678469485e+21,5.764960036501835e+20,9.787383178803306e+20,9.999999999999998e+21,2.220446049250313e-16,0.8444765678469487,0.05764960036501836,0.09787383178803306,upper,False,False,False,False,False,Q:upper|Nmin:0|Nmax:0|Dmin:0|Dmax:0
234,1e+19,2048,exponential,0.4,0.12724607612603162,10.0,0.563858879295846,3.314201933427901,7.634764567561897e+18,5.2119992781222554e+17,1.844035504625878e+18,1.0000000000000002e+19,0.0,0.7634764567561896,0.05211999278122255,0.18440355046258775,interior,False,False,True,False,False,Q:interior|Nmin:0|Nmax:0|Dmin:1|Dmax:0
234,1e+21,2048,exponential,0.4,2.323340377822937,53.14699668396022,1.0,2.3736780978658576,7.40871380135199e+20,5.057681955056293e+19,2.0855180031423794e+20,9.999999999999999e+20,1.1102230246251565e-16,0.7408713801351992,0.05057681955056293,0.20855180031423798,upper,False,False,False,False,False,Q:upper|Nmin:0|Nmax:0|Dmin:0|Dmax:0
234,1e+22,2048,exponential,0.4,5.644436117117559,249.3601797600462,1.0,2.161186838246211,8.444985628851191e+21,5.765110189295746e+20,9.78503352219235e+20,1e+22,0.0,0.844498562885119,0.057651101892957454,0.0978503352219235,upper,False,False,False,False,False,Q:upper|Nmin:0|Nmax:0|Dmin:0|Dmax:0
238,1e+19,2048,exponential,0.4,0.13087349302121729,9.999999999999998,0.5501589114040413,3.285037388252542,7.852409581273036e+18,5.36057827414906e+17,1.6115325913120584e+18,1e+19,0.0,0.7852409581273035,0.053605782741490596,0.16115325913120582,interior,False,False,True,False,False,Q:interior|Nmin:0|Nmax:0|Dmin:1|Dmax:0
238,1e+21,2048,exponential,0.4,2.3225668256138663,53.16100521092391,1.0,2.373985011838621,7.408199227150665e+20,5.057330672401521e+19,2.0860677056091813e+20,9.999999999999997e+20,2.220446049250313e-16,0.7408199227150666,0.05057330672401523,0.2086067705609182,upper,False,False,False,False,False,Q:upper|Nmin:0|Nmax:0|Dmin:0|Dmax:0
238,1e+22,2048,exponential,0.4,5.640495755270286,249.51732268664873,1.0,2.1614643537348055,8.444408396882691e+21,5.764716132271916e+20,9.791199898901175e+20,1e+22,0.0,0.8444408396882691,0.057647161322719166,0.09791199898901175,upper,False,False,False,False,False,Q:upper|Nmin:0|Nmax:0|Dmin:0|Dmax:0
242,1e+19,2048,exponential,0.4,0.12904625340373635,9.999999999999998,0.5572006902948209,3.3073355642401703,7.742775204224179e+18,5.2857345394170406e+17,1.7286513418341164e+18,1e+19,0.0,0.7742775204224179,0.052857345394170405,0.17286513418341162,interior,False,False,True,False,False,Q:interior|Nmin:0|Nmax:0|Dmin:1|Dmax:0
242,1e+21,2048,exponential,0.4,2.322715382806974,53.158314363964564,1.0,2.381568886937602,7.408298069836165e+20,5.057398149008156e+19,2.0859621152630178e+20,9.999999999999999e+20,1.1102230246251565e-16,0.7408298069836167,0.05057398149008157,0.2085962115263018,upper,False,False,False,False,False,Q:upper|Nmin:0|Nmax:0|Dmin:0|Dmax:0
242,1e+22,2048,exponential,0.4,5.641722955409483,249.4683603091661,1.0,2.1690514418460256,8.444588250027517e+21,5.7648389120187846e+20,9.789278587706042e+20,9.999999999999998e+21,2.220446049250313e-16,0.8444588250027518,0.05764838912018786,0.09789278587706043,upper,False,False,False,False,False,Q:upper|Nmin:0|Nmax:0|Dmin:0|Dmax:0
246,1e+19,2048,exponential,0.4,0.12959689033966149,10.000000000000002,0.555109800009456,3.307212209564904,7.775813420379691e+18,5.308288628312536e+17,1.6933577167890552e+18,1e+19,0.0,0.7775813420379691,0.05308288628312536,0.1693357716789055,interior,False,False,True,False,False,Q:interior|Nmin:0|Nmax:0|Dmin:1|Dmax:0
246,1e+21,2048,exponential,0.4,2.3234106259812997,53.14572490119961,1.0,2.386039206635852,7.408760517655568e+20,5.057713846719535e+19,2.0854680976724787e+20,1e+21,0.0,0.7408760517655568,0.050577138467195346,0.20854680976724788,upper,False,False,False,False,False,Q:upper|Nmin:0|Nmax:0|Dmin:0|Dmax:0
246,1e+22,2048,exponential,0.4,5.644734008854122,249.34830778674285,1.0,2.1735322516314906,8.445029238084315e+21,5.7651399598655596e+20,9.784567659291307e+20,1.0000000000000002e+22,0.0,0.8445029238084313,0.05765139959865558,0.09784567659291304,upper,False,False,False,False,False,Q:upper|Nmin:0|Nmax:0|Dmin:0|Dmax:0
249,1e+19,2048,exponential,0.4,0.12906132144329643,10.0,0.5571438213186136,3.3015666303339857,7.743679286597787e+18,5.286351726317423e+17,1.7276855407704717e+18,1e+19,0.0,0.7743679286597785,0.05286351726317423,0.17276855407704717,interior,False,False,True,False,False,Q:interior|Nmin:0|Nmax:0|Dmin:1|Dmax:0
249,1e+21,2048,exponential,0.4,2.322971216307613,53.1536810376445,1.0,2.3759619615760084,7.408468265474638e+20,5.057514335897353e+19,2.0857803009356274e+20,1e+21,0.0,0.7408468265474638,0.05057514335897353,0.20857803009356274,upper,False,False,False,False,False,Q:upper|Nmin:0|Nmax:0|Dmin:0|Dmax:0
249,1e+22,2048,exponential,0.4,5.642434210914635,249.43999169475128,1.0,2.163459209213715,8.444692456252362e+21,5.764910050134947e+20,9.788165387341436e+20,1e+22,0.0,0.8444692456252362,0.05764910050134947,0.09788165387341435,upper,False,False,False,False,False,Q:upper|Nmin:0|Nmax:0|Dmin:0|Dmax:0
253,1e+19,2048,exponential,0.4,0.1278545115983988,10.0,0.5616381298161258,3.3085096790853896,7.671270695903928e+18,5.2369207950704154e+17,1.8050372245890307e+18,1e+19,0.0,0.7671270695903928,0.052369207950704155,0.18050372245890306,interior,False,False,True,False,False,Q:interior|Nmin:0|Nmax:0|Dmin:1|Dmax:0
253,1e+21,2048,exponential,0.4,2.3229288638493353,53.15444801494272,1.0,2.3730122888025127,7.408440092153368e+20,5.057495102910032e+19,2.085810397555629e+20,1e+21,0.0,0.7408440092153368,0.050574951029100326,0.2085810397555629,upper,False,False,False,False,False,Q:upper|Nmin:0|Nmax:0|Dmin:0|Dmax:0
253,1e+22,2048,exponential,0.4,5.64248692449469,249.43788945643902,1.0,2.1605037634765596,8.444700178389053e+21,5.764915321780261e+20,9.788082894329212e+20,1.0000000000000002e+22,0.0,0.8444700178389052,0.0576491532178026,0.0978808289432921,upper,False,False,False,False,False,Q:upper|Nmin:0|Nmax:0|Dmin:0|Dmax:0
257,1e+19,2048,exponential,0.4,0.12830129930053286,9.999999999999998,0.5599883326070786,3.307718996947745,7.69807795803197e+18,5.255221219349826e+17,1.7763999200330463e+18,9.999999999999998e+18,2.220446049250313e-16,0.7698077958031971,0.05255221219349827,0.17763999200330466,interior,False,False,True,False,False,Q:interior|Nmin:0|Nmax:0|Dmin:1|Dmax:0
257,1e+21,2048,exponential,0.4,2.3233501387622,53.146819966871014,1.0,2.375931253257328,7.408720292687966e+20,5.057686386474986e+19,2.0855110686645354e+20,9.999999999999999e+20,1.1102230246251565e-16,0.7408720292687967,0.05057686386474986,0.20855110686645356,upper,False,False,False,False,False,Q:upper|Nmin:0|Nmax:0|Dmin:0|Dmax:0
257,1e+22,2048,exponential,0.4,5.6445358821324305,249.35620366754912,1.0,2.1634191630546042,8.44500023420282e+21,5.76512015988246e+20,9.784877498089349e+20,1.0000000000000002e+22,0.0,0.844500023420282,0.057651201598824586,0.09784877498089346,upper,False,False,False,False,False,Q:upper|Nmin:0|Nmax:0|Dmin:0|Dmax:0
261,1e+19,2048,exponential,0.4,0.12936321474158496,10.0,0.5560003238217268,3.308197244320227,7.761792884495099e+18,5.29871727581532e+17,1.7083353879233695e+18,1e+19,0.0,0.7761792884495099,0.0529871727581532,0.17083353879233695,interior,False,False,True,False,False,Q:interior|Nmin:0|Nmax:0|Dmin:1|Dmax:0
261,1e+21,2048,exponential,0.4,2.322433424685384,53.163421761505745,1.0,2.3850689362271735,7.408110460174036e+20,5.057270074145475e+19,2.0861625324114162e+20,9.999999999999999e+20,1.1102230246251565e-16,0.7408110460174037,0.05057270074145476,0.20861625324114166,upper,False,False,False,False,False,Q:upper|Nmin:0|Nmax:0|Dmin:0|Dmax:0
261,1e+22,2048,exponential,0.4,5.64002523325673,249.53610049751182,1.0,2.172546600316841,8.444339420486724e+21,5.764669044385603e+20,9.791936750747151e+20,9.999999999999998e+21,2.220446049250313e-16,0.8444339420486725,0.05764669044385604,0.09791936750747153,upper,False,False,False,False,False,Q:upper|Nmin:0|Nmax:0|Dmin:0|Dmax:0
264,1e+19,2048,exponential,0.4,0.1291883280460797,10.0,0.5566637072458211,3.3082429401975935,7.751299682764782e+18,5.291553916767424e+17,1.719544925558476e+18,1e+19,0.0,0.7751299682764782,0.05291553916767423,0.17195449255584758,interior,False,False,True,False,False,Q:interior|Nmin:0|Nmax:0|Dmin:1|Dmax:0
264,1e+21,2048,exponential,0.4,2.323069871098566,53.151894545119525,1.0,2.383741552243407,7.408533888574524e+20,5.057559134600208e+19,2.0857101979654544e+20,9.999999999999999e+20,1.1102230246251565e-16,0.7408533888574524,0.05057559134600209,0.20857101979654546,upper,False,False,False,False,False,Q:upper|Nmin:0|Nmax:0|Dmin:0|Dmax:0
264,1e+22,2048,exponential,0.4,5.643265298792143,249.40685170735938,1.0,2.171224603297618,8.444814189126834e+21,5.7649931531105855e+20,9.786864955621075e+20,1e+22,0.0,0.8444814189126835,0.057649931531105855,0.09786864955621075,upper,False,False,False,False,False,Q:upper|Nmin:0|Nmax:0|Dmin:0|Dmax:0
268,1e+19,2048,exponential,0.4,0.12768157213967266,10.0,0.562272363253458,3.3132571533419215,7.66089432838036e+18,5.229837194840992e+17,1.8161219521355402e+18,1e+19,0.0,0.766089432838036,0.05229837194840992,0.18161219521355404,interior,False,False,True,False,False,Q:interior|Nmin:0|Nmax:0|Dmin:1|Dmax:0
268,1e+21,2048,exponential,0.4,2.3232702806068684,53.14826579471303,1.0,2.3763506731771025,7.408667183199082e+20,5.0576501303972405e+19,2.0855678037611938e+20,1e+21,0.0,0.7408667183199082,0.050576501303972406,0.20855678037611938,upper,False,False,False,False,False,Q:upper|Nmin:0|Nmax:0|Dmin:0|Dmax:0
268,1e+22,2048,exponential,0.4,5.644322647328739,249.36470220464437,1.0,2.1638410879472425,8.444969016588367e+21,5.7650988486576583e+20,9.78521098545869e+20,1.0000000000000002e+22,0.0,0.8444969016588365,0.05765098848657657,0.09785210985458688,upper,False,False,False,False,False,Q:upper|Nmin:0|Nmax:0|Dmin:0|Dmax:0
272,1e+19,2048,exponential,0.4,0.13012100437671156,10.0,0.5530949570992537,3.2971596907170966,7.807260262602694e+18,5.329756339270107e+17,1.6597641034702943e+18,9.999999999999998e+18,2.220446049250313e-16,0.7807260262602695,0.05329756339270108,0.16597641034702945,interior,False,False,True,False,False,Q:interior|Nmin:0|Nmax:0|Dmin:1|Dmax:0
272,1e+21,2048,exponential,0.4,2.323124848840405,53.15089903153831,1.0,2.3802021290602595,7.408570456702444e+20,5.057584098442202e+19,2.0856711334533362e+20,1e+21,0.0,0.7408570456702444,0.05057584098442203,0.20856711334533362,upper,False,False,False,False,False,Q:upper|Nmin:0|Nmax:0|Dmin:0|Dmax:0
272,1e+22,2048,exponential,0.4,5.643355837375949,249.40324197419594,1.0,2.1676905725306956,8.44482744873339e+21,5.765002205001995e+20,9.786723307664114e+20,1e+22,0.0,0.844482744873339,0.05765002205001994,0.09786723307664114,upper,False,False,False,False,False,Q:upper|Nmin:0|Nmax:0|Dmin:0|Dmax:0
276,1e+19,2048,exponential,0.4,0.12859490531605228,10.000000000000002,0.5588952096800832,3.2999508753566347,7.715694318963139e+18,5.267247321745503e+17,1.7575809488623114e+18,1e+19,0.0,0.7715694318963138,0.052672473217455024,0.17575809488623115,interior,False,False,True,False,False,Q:interior|Nmin:0|Nmax:0|Dmin:1|Dmax:0
276,1e+21,2048,exponential,0.4,2.3232700560705,53.148269860043456,1.0,2.370598670193444,7.408667033867594e+20,5.057650028453611e+19,2.085567963287043e+20,9.999999999999997e+20,2.220446049250313e-16,0.7408667033867595,0.05057650028453613,0.20855679632870436,upper,False,False,False,False,False,Q:upper|Nmin:0|Nmax:0|Dmin:0|Dmax:0
276,1e+22,2048,exponential,0.4,5.644024321689242,249.37659303474769,1.0,2.158103985159617,8.444925338088696e+21,5.765069030801884e+20,9.785677588311156e+20,1e+22,0.0,0.8444925338088696,0.05765069030801884,0.09785677588311156,upper,False,False,False,False,False,Q:upper|Nmin:0|Nmax:0|Dmin:0|Dmax:0
280,1e+19,2048,exponential,0.4,0.12798935344836235,10.000000000000002,0.5611419345003837,3.308961942159036,7.679361206901743e+18,5.242443917244922e+17,1.796394401373764e+18,9.999999999999998e+18,2.220446049250313e-16,0.7679361206901744,0.05242443917244923,0.17963944013737643,interior,False,False,True,False,False,Q:interior|Nmin:0|Nmax:0|Dmin:1|Dmax:0
280,1e+21,2048,exponential,0.4,2.3222943989466542,53.165940439021,1.0,2.3746232056518783,7.408017941776193e+20,5.057206914919215e+19,2.086261366731884e+20,9.999999999999999e+20,1.1102230246251565e-16,0.7408017941776195,0.050572069149192156,0.20862613667318844,upper,False,False,False,False,False,Q:upper|Nmin:0|Nmax:0|Dmin:0|Dmax:0
280,1e+22,2048,exponential,0.4,5.640242046760856,249.52744745247284,1.0,2.1621536134422756,8.444371205654086e+21,5.764690743059855e+20,9.791597200399309e+20,1.0000000000000002e+22,0.0,0.8444371205654084,0.05764690743059854,0.09791597200399307,upper,False,False,False,False,False,Q:upper|Nmin:0|Nmax:0|Dmin:0|Dmax:0
283,1e+19,2048,exponential,0.4,0.12771383571278538,9.999999999999998,0.5621542236945917,3.3164845513191374,7.662830142767121e+18,5.2311587107956896e+17,1.8140539861533092e+18,1e+19,0.0,0.7662830142767122,0.05231158710795689,0.18140539861533092,interior,False,False,True,False,False,Q:interior|Nmin:0|Nmax:0|Dmin:1|Dmax:0
283,1e+21,2048,exponential,0.4,2.322741174412864,53.15784722306008,1.0,2.3803008929043132,7.408315229289011e+20,5.057409863194631e+19,2.0859437843915276e+20,1.0000000000000003e+21,0.0,0.740831522928901,0.0505740986319463,0.2085943784391527,upper,False,False,False,False,False,Q:upper|Nmin:0|Nmax:0|Dmin:0|Dmax:0
283,1e+22,2048,exponential,0.4,5.644189058903932,249.37002670655335,1.0,2.1677981909629773,8.444949458134259e+21,5.7650854967529885e+20,9.78541992190443e+20,1.0000000000000002e+22,0.0,0.8444949458134258,0.05765085496752988,0.09785419921904429,upper,False,False,False,False,False,Q:upper|Nmin:0|Nmax:0|Dmin:0|Dmax:0
287,1e+19,2048,exponential,0.4,0.128657833988615,10.0,0.5586599843699022,3.3114463387097937,7.7194700393169e+18,5.269824880173671e+17,1.7535474726657318e+18,9.999999999999998e+18,2.220446049250313e-16,0.77194700393169,0.05269824880173672,0.1753547472665732,interior,False,False,True,False,False,Q:interior|Nmin:0|Nmax:0|Dmin:1|Dmax:0
287,1e+21,2048,exponential,0.4,2.322657753682797,53.15935817979006,1.0,2.382488790424826,7.408259727425425e+20,5.0573719739224244e+19,2.0860030751823335e+20,1e+21,0.0,0.7408259727425425,0.05057371973922424,0.20860030751823333,upper,False,False,False,False,False,Q:upper|Nmin:0|Nmax:0|Dmin:0|Dmax:0
287,1e+22,2048,exponential,0.4,5.641190451372643,249.48960359817497,1.0,2.16997326584677,8.444510217208624e+21,5.76478564161442e+20,9.790112186299343e+20,1e+22,0.0,0.8444510217208624,0.05764785641614421,0.09790112186299343,upper,False,False,False,False,False,Q:upper|Nmin:0|Nmax:0|Dmin:0|Dmax:0
291,1e+19,2048,exponential,0.4,0.13007319990082764,9.999999999999998,0.5532797438944156,3.2953394667676026,7.804391994049657e+18,5.3277982679378995e+17,1.6628281791565535e+18,1e+19,0.0,0.7804391994049656,0.05327798267937899,0.16628281791565533,interior,False,False,True,False,False,Q:interior|Nmin:0|Nmax:0|Dmin:1|Dmax:0
291,1e+21,2048,exponential,0.4,2.322930875960819,53.154411576324925,1.0,2.3780134244370448,7.40844143065046e+20,5.057496016657382e+19,2.0858089676837988e+20,9.999999999999997e+20,2.220446049250313e-16,0.7408441430650462,0.05057496016657383,0.20858089676837993,upper,False,False,False,False,False,Q:upper|Nmin:0|Nmax:0|Dmin:0|Dmax:0
291,1e+22,2048,exponential,0.4,5.6424321014471515,249.44007582188183,1.0,2.165517288557217,8.444692147228785e+21,5.764909839174851e+20,9.788168688537293e+20,1e+22,0.0,0.8444692147228785,0.05764909839174851,0.09788168688537294,upper,False,False,False,False,False,Q:upper|Nmin:0|Nmax:0|Dmin:0|Dmax:0
295,1e+19,2048,exponential,0.4,0.1276549894668498,9.999999999999998,0.5623696381709505,3.3151000590966624,7.659299368010988e+18,5.228748368562167e+17,1.8178257951327951e+18,9.999999999999998e+18,2.220446049250313e-16,0.7659299368010989,0.05228748368562168,0.18178257951327956,interior,False,False,True,False,False,Q:interior|Nmin:0|Nmax:0|Dmin:1|Dmax:0
295,1e+21,2048,exponential,0.4,2.3227733676089932,53.157264147244206,1.0,2.3778625513571736,7.408336647370514e+20,5.057424484604937e+19,2.0859209041689926e+20,1e+21,0.0,0.7408336647370514,0.050574244846049374,0.20859209041689927,upper,False,False,False,False,False,Q:upper|Nmin:0|Nmax:0|Dmin:0|Dmax:0
295,1e+22,2048,exponential,0.4,5.641689467445054,249.4696961445652,1.0,2.165357445612757,8.44458334311307e+21,5.7648355622318545e+20,9.789331006637457e+20,1.0000000000000002e+22,0.0,0.8444583343113069,0.057648355622318535,0.09789331006637454,upper,False,False,False,False,False,Q:upper|Nmin:0|Nmax:0|Dmin:0|Dmax:0
299,1e+19,2048,exponential,0.4,0.1316923258971518,10.0,0.5469041228426685,3.2841233084755865,7.901539553829109e+18,5.394117668747338e+17,1.559048679296158e+18,1e+19,0.0,0.7901539553829108,0.05394117668747338,0.15590486792961578,interior,False,False,True,False,False,Q:interior|Nmin:0|Nmax:0|Dmin:1|Dmax:0
299,1e+21,2048,exponential,0.4,2.322634287944831,53.15978321809844,1.0,2.379556894425898,7.408244114524179e+20,5.0573613155151725e+19,2.086019753924303e+20,1e+21,0.0,0.740824411452418,0.05057361315515173,0.2086019753924303,upper,False,False,False,False,False,Q:upper|Nmin:0|Nmax:0|Dmin:0|Dmax:0
299,1e+22,2048,exponential,0.4,5.640752795291796,249.50706580776531,1.0,2.1670437061487906,8.444446073401238e+21,5.764741852775246e+20,9.790797413212388e+20,1.0000000000000002e+22,0.0,0.8444446073401236,0.05764741852775245,0.09790797413212386,upper,False,False,False,False,False,Q:upper|Nmin:0|Nmax:0|Dmin:0|Dmax:0
